muni_code,mun_name,logo_url
101000,กรุงเทพมหานคร,https://upload.wikimedia.org/wikipedia/commons/7/7b/Seal_of_Bangkok_Metro_Authority.png
451957,เทศบาลตำบลกกกุง,https://kokkung.go.th/UserFiles/Image/2022/tsb.gif
331983,เทศบาลตำบลกระหวัน,https://krawan.go.th/UserFiles/LOGO_5_.png
771992,เทศบาลตำบลกำเนิดนพคุณ,https://noppakoonmunic.go.th/public/layout/template/images/logotop.png
351997,เทศบาลตำบลกุดชุมพัฒนา,https://www.kutchumpattana.go.th/upload/images/logo.png
441987,เทศบาลตำบลขามเรียง,https://www.khamriang.go.th/upload/images/logo.png
201960,เทศบาลตำบลเขตรอุดมศักดิ์,https://www.sattahip.go.th/images_profiles/logo.png
311944,เทศบาลตำบลเขาคอก,https://khaokoklocal.go.th/wp-content/uploads/2022/11/%E0%B9%82%E0%B8%A5%E0%B9%82%E0%B8%81%E0%B9%89.png
721978,เทศบาลตำบลเขาดิน,https://khaodin.go.th/UserFiles/logotop_1_.png
811996,เทศบาลตำบลคลองท่อมใต้,https://www.khlongthomcity.go.th/public//UserFiles/logo.png
421971,เทศบาลตำบลคอนสา,https://khonsa.go.th/public/configuration_upload/config/logoweb_thumbnail.jpg
341972,เทศบาลตำบลคอแลน,https://kholaen.go.th/UserFiles/logo2.png
491996,เทศบาลตำบลคำชะอี,https://khamcha-e.go.th/UserFiles/logo_khamcha_e.png
451958,เทศบาลตำบลคูเมือง,https://www.krumueang-roiet.go.th/images/logo.png
371976,เทศบาลตำบลเค็งใหญ่,https://keangyai.go.th/UserFiles/logo%20-%20Copy%201.png
401944,เทศบาลตำบลโคกงาม,https://khokngam.go.th/public/layout/template/images/logo/LOGO.png
941997,เทศบาลตำบลโคกโพธิ์,https://khokpho.go.th/public/configuration_upload/config/logoweb_thumbnail.jpg
401952,เทศบาลตำบลโคกสำราญ,https://www.koksumran.go.th/frontend/userfiles/files/%E0%B9%82%E0%B8%A5%E0%B9%82%E0%B8%81%E0%B9%89%E0%B9%80%E0%B8%97%E0%B8%A8%E0%B8%9A%E0%B8%B2%E0%B8%A5%E0%B8%95%E0%B8%B3%E0%B8%9A%E0%B8%A5%E0%B9%82%E0%B8%84%E0%B8%81%E0%B8%AA%E0%B8%B3%E0%B8%A3%E0%B8%B2%E0%B8%8D.jpg
411953,เทศบาลตำบลโคกสูง,https://scontent.fcnx3-1.fna.fbcdn.net/v/t39.30808-6/462318261_8388407387922470_2342111774493121130_n.jpg?_nc_cat=110&ccb=1-7&_nc_sid=6ee11a&_nc_eui2=AeFZYnxy7zrLUnCbiPdI2rj7Urx5o7QgyqdSvHmjtCDKp0ttGkSxLNGyx53us26Iink&_nc_ohc=5Voi414WvA0Q7kNvgFFYIbV&_nc_oc=AdmwSsMHB-XPuPrUUmCeDBrAM98ZDEE-Key2K_h0W6VP94htVBiivfmnQF3kr9ju6aw&_nc_zt=23&_nc_ht=scontent.fcnx3-1.fna&_nc_gid=CqC8sXHJ4SqnYnmkQVJZ8w&oh=00_AYEt7V9KICDxFecWbEfI6x7RF63LYltX9wHdDDR8mzLaHQ&oe=67EFFBDFF
801989,เทศบาลตำบลฉวาง,https://www.chawangcity.go.th/UserFiles/Image/2021/logo.png
461929,เทศบาลตำบลดงมูล,https://dongmoon.go.th/UserFiles/LOGO%20-%20Copy%201.png
451961,เทศบาลตำบลดงสิงห์,https://dongsing.go.th/UserFiles/LOGO_%E0%B8%94%E0%B8%87%E0%B8%AA%E0%B8%B4%E0%B8%87%E0%B8%AB%E0%B9%8C.png
741988,เทศบาลตำบลดอนไก่ดี,https://donkaidee.go.th/UserFiles/7845.png
801953,เทศบาลตำบลดอนตรอ,https://www.dontro.go.th/UserFiles/Image/dontromunicipality.jpg
491997,เทศบาลตำบลดอนตาล,https://dontancity.go.th/public/configuration_upload/config/logoweb.jpg
701970,เทศบาลตำบลดอนทราย,https://www.donsaicity.go.th/UserFiles/%E0%B9%82%E0%B8%A5%E0%B9%82%E0%B8%81%E0%B9%89.png
301982,เทศบาลตำบลด่านขุนทด,https://dankhunthot.go.th/UserFiles/LOGO.png
501899,เทศบาลตำบลตลาดขวัญ,"data:image/png;base64,iVBORw0KGgoAAAANSUhEUgAAAJYAAACbCAYAAACAn2I8AAAAGXRFWHRTb2Z0d2FyZQBBZG9iZSBJbWFnZVJlYWR5ccllPAAAA3FpVFh0WE1MOmNvbS5hZG9iZS54bXAAAAAAADw/eHBhY2tldCBiZWdpbj0i77u/IiBpZD0iVzVNME1wQ2VoaUh6cmVTek5UY3prYzlkIj8+IDx4OnhtcG1ldGEgeG1sbnM6eD0iYWRvYmU6bnM6bWV0YS8iIHg6eG1wdGs9IkFkb2JlIFhNUCBDb3JlIDUuNS1jMDE0IDc5LjE1MTQ4MSwgMjAxMy8wMy8xMy0xMjowOToxNSAgICAgICAgIj4gPHJkZjpSREYgeG1sbnM6cmRmPSJodHRwOi8vd3d3LnczLm9yZy8xOTk5LzAyLzIyLXJkZi1zeW50YXgtbnMjIj4gPHJkZjpEZXNjcmlwdGlvbiByZGY6YWJvdXQ9IiIgeG1sbnM6eG1wTU09Imh0dHA6Ly9ucy5hZG9iZS5jb20veGFwLzEuMC9tbS8iIHhtbG5zOnN0UmVmPSJodHRwOi8vbnMuYWRvYmUuY29tL3hhcC8xLjAvc1R5cGUvUmVzb3VyY2VSZWYjIiB4bWxuczp4bXA9Imh0dHA6Ly9ucy5hZG9iZS5jb20veGFwLzEuMC8iIHhtcE1NOk9yaWdpbmFsRG9jdW1lbnRJRD0ieG1wLmRpZDo1ZDc3N2JkZi1mYzJkLWFkNDAtYjJmNi1hYTc1NmE5YTg2ODYiIHhtcE1NOkRvY3VtZW50SUQ9InhtcC5kaWQ6Nzg4Q0I4RjU1RjkwMTFFRjkxQjJBNUNBRkY4Qjg3NDIiIHhtcE1NOkluc3RhbmNlSUQ9InhtcC5paWQ6Nzg4Q0I4RjQ1RjkwMTFFRjkxQjJBNUNBRkY4Qjg3NDIiIHhtcDpDcmVhdG9yVG9vbD0iQWRvYmUgUGhvdG9zaG9wIENDIChXaW5kb3dzKSI+IDx4bXBNTTpEZXJpdmVkRnJvbSBzdFJlZjppbnN0YW5jZUlEPSJ4bXAuaWlkOjVkNzc3YmRmLWZjMmQtYWQ0MC1iMmY2LWFhNzU2YTlhODY4NiIgc3RSZWY6ZG9jdW1lbnRJRD0ieG1wLmRpZDo1ZDc3N2JkZi1mYzJkLWFkNDAtYjJmNi1hYTc1NmE5YTg2ODYiLz4gPC9yZGY6RGVzY3JpcHRpb24+IDwvcmRmOlJERj4gPC94OnhtcG1ldGE+IDw/eHBhY2tldCBlbmQ9InIiPz68ehE+AACIaUlEQVR42ux9B5ydVZn3/2233+l9JpPJZNIboUnoIKiggogoqKBi2bWsfuvq6ufufmvZte1+LvbPgl1QUVRYkBrpJYH0hPRMkmmZXm5/2/d/zvvOJCSTSAK4LTe/k1vm3rec85z/83/KeY7m+z5OPk4+XuqHfrILTj5OCtbJx0nBOvn4n/0wX+wBbr98X/BC86FpHjRdmhs045BnNl13+MxmOtCN4LU866YdfibPNt8Hnx18f7Ad8d445PvqvXPk8yHnCq7FCa/n4PVBrltzg+vnfUCX+xH+6at7C56DJ/XC19SzL8+ePOvwPWkG/8Zn14DH1/JeXvuuGXymns2Dz4419ew58pkVvubnTvi5O/n+4N+OeO8e+n0z+Jt6PniuqfN64fVMXlt43eqZ1x7c2wt7vPHu1pOIdfLxXwix/hs+6tna2WQqNrBVsaXCvpKJSHhDkW2cbZitm2032362sZPdd1Kw5FHLNjsUpFeyncs290UcbwPbY2z3su0IhS1zUrD+ez8q2Raync22jO00tvkv8TmWhu0Dh3y2NhS2Z9lWs205KVj/9R8iRNeHSLT4P+galodt8jEUCtpvw+ddJwXrP/8jyfZqtvewXcJm/Se8xmq2K8Mmj72hgH2H7dGTghU+mpcUp/lUCw4tZreehF5eB82jiZ9MAHlSjmgUfrEEd2wURqqCX43CGegBjAgMK6neS6jJ53t353NwNQ1GUysMXVefo5d8ORqH19AAg28r537gjaH6eeWLvR+nUA07MwN2rhFOvhZuqYwmfIKmeMDdxT0BvcA2Bj0yCivRj3i6B1ayH5qRO5FTzgzb29hG2O5m+/L43q9s0Ca7MrQYCvCRMUx4mg+dl8OrgsZnQ3l7PMgrPbQwTJff4W819p0nfea56i++bjzv5P1P7T2JWIc+0qfe1K6b9qc1w772RJHJLVZQgJph5xv53AAn10TBqoWT5ft8Hf9eFQqUH/irOLwi2B4H0edA6ZECzPgg4sk+mKl+mLFhRBJ9FDYRtC7o0UEKYul4eaAI2NvKZn50k++YX8z0fPnnJ1Xhn+ERb/jiWXqL/U/Hi06ek0JpogXF0UUoZWbzdTuRqZUTOa7+7svsx5GOQV95RD3lM9Rk5mte4Fg1PH6bvy3MRD7fDG+AeED40AQVlC+Vr2JDiKR3I5reA6tsO6Kp7TDiPS/0koUT/ixR93c/9lzrR55jfaww9qnRk4L1Ej9ilV8/jwj1L3z5ihf6Gzs7C4WxpSiNLURxfB5cuyKIECDwjqsmakRTPnQE/nVvSsC08BP5p/Nz+dijUHlakSqY731R94b6vqHpSgV5vk0B0wK1Q0QsFE9DYfD0KSG1Up0UtG2IVKxDJLmLAvonXV+iu94trSL5Lz8qc6y/7nL/ZvSkYL3YC+x4YF7EtL/Nlxe9IGHKzYY9sYwCtZiINFsNui+hJjXUosL8UJI8yD+J1gQiNSlKOoLwDQXIdRRHkY98FClQBTYKkBImkx8bSrh0XcI3ws9c9V3X9YhUPLOcS4V/dHV+OZ+TaWObhUwvbQxyMrNsK+JlFLLUJp5r/E/d3julNflf+2ofPvy/TgrWCT1+mtRc++u8wnf9aTVXgeLYKbDHT0ep0CoyQ9ZVgGGOKeJtaJYa4EkhElXlaiWON4VFOdFF8CLQvRjlIsJ3wqXIjYxSIBe+FaAYVV0gTlbIqilFmsQFKZCOj/qzo0jP0NH9ZBGZfQ4RKYwpqgvyg5Aj1EVQQClmfpxouhzZ8eXQjTy52kbEU8+Sq239U7f8kTrn2+/0Hev9OfPdt54UrBdKqu1bb6TVIygVOeb3Sq0oZc8kX1pE9RNXeKNpExxrgRiFR6FVdZAnialEO4mow/diaxGZ/EB6+DsbXrEIl38zomJByfGIUJ4BN89fkcgbUXKniKaMLI1I5TtEqqKDRJ2OslmGQriG02LYsilDwZoMxSqsVEAZoKGn7Ded5zT9QPZ8Pwp77Aw442fCsnphJtdQwNbw+0cl/+Vst8QKP/kL8q/3e8m3PHdSsI4mKHhkhmfb36RQvf6Y38s0o5g7C45+Fgc7RwHo5TDZRIQYTC2meI/rBi4PlXGhlRS3UpadFqglpfQMneorRuEgBqV05IYKiNXZiKWA8Z00FMqiBCkTpSGOYnsM0TITo3tKyA1QkOpNCgGPbXkUAA3Dz1FtooDK+SYGN9hIVPHYeXELsFl6kAEhuKf5U2aB5gfMThfh8kPjQRNrlRZq6XX87aWwYqugRVYhCE9O+7gA4s0fv/0rKLvmb04K1uHcyHz2Pez+bx/rmjynkUJ1NhxtIUkvccDJq9mv+WkOTlTxngCZAqTQVfqLpj53xh3oCQ3FCSIFES1aTrQpRZBIG2qwJ6i6Gk6Lo+4ME27BQ362hwNP51EY9jHzVUlEygx+x0XHlTH0ry1haLONeLWBtsuiKIz4FFARCBc7f5dTx9YNDakWA/kBl+rORbSSCGgHaTZy7SJoIuRQyBmYB9qUuhYrQRSyxQl0Loz8K4hiqyhoq4/VhR/F8G/PIXq9S6973X84ev2Hp81kBh4tzw384Ra+/N7RhMp3InDsV6GUexfV1AIYrg2LSGXqJSKUr5BKeJBYdH6YOqUbfEcyXRzwkO31UTE/CjNuoGqBifLZxLcJKsIskWimgYYVURhxHTMuimPPHQVs/E4OVfPjSDZHUX9akkhloPuRAoqjHvbcWUTrJXGlBlsujqJ3VZHCR8GhYrKSBuZdl6IBAf4thsYVEbS/IYFUq4lcP40BCovvukpwNQVTjhJqTQmVoVS3w/eeSokyFHcrUvCKVMWlwjkYKbwHWX/ZsbpTLOYNTu897/kfjVjZzHPncXy+i2MEg72C/OlUmKlqdntJ+ZKUelMkXLiLESTihfxFD5MNs4M+kg0R1J1uIlolCEBUJKq0viqK4rBHYWAbKVHoPCRbYkjWA92PllAcMWBEdIzuLlE4iV7UogcoPLXLTdQui2L37wpEqxKtPrFAeS6q02SjgdFdxJcEiX0UFMYIVauG9d/OoXqxScSLYXfBR+Uckv+YTlVZQmk8UKFFPkcSopYDpBIgU3NDeBhfpzxD8TOaGlS0SYzROLaI2JXa0xy8oaON6ffyPSvP9Vzz/WUzL8j/j0KssX2rb+DTI0cXqgpqicuhxV8DI1EDrZjnxbowKDSmhFVCJ0FA2Pna9lAa5TdsXame6iUW2q+MUj35sDM+VRkZ0JCL3seLFAod6TbyMAqafCY8yCeJH3jWJjoFPMh3NAqmgX33loh2VElUiWu/msHsa2g5RuWYriLumusjXiuqVUOshlR7zMPoTgd7780hTp7lFTWlTsWgSLUQLdsNxKpMfi78TkPlAgtmWoNLq1KuFSUSet5TIE5+YFT4gZ8sQSiLOWJS1iOjX4mifuaxhvAdbI+O7Xr8tP8xgjW89ekv8OnHR/u7pousXUliPAMaYUZ3OemMAKl8sfaUK8pX6kSnoHkFIcgUxfnBkMC00HhOFN2PlZAf8jC0yVEDV0aVtONXRfSvcfhakM6ierVIlEEybinuIyRa5yC6uUClCsLEawzUnx5R78d2uvytRe5EFMl4aDgrgom9LlVlSf3dKZIbFT1lHTp5j4hlqPeDa0oYEYJPGBrdTiLOySEC2XxeDLk+EVRNGQRmgrxs0A/Ivh643ASXTarRGG+8jOqxgsKccsRntghO9LV8rj5aV4pQPTy2Y9VV/60Fa3DtM8mhHZt+wpefnP4bnL3xC6hOzoBhikugdPAKOWtd8ijXNwP+wb63R2wiCQcrqqHl0ihaL42g9lRLIUSuj6qEqmb21VFFyDNdHlIzDOUWmNjHgRK3Ac8x2llEtselOuPxhRxpBaVKfY5bhCgkwitWYJREvbwjgr7HbSXI4niPVeuKm+24La9UX6LGRL7fh8TRFUGnpEUrNeQPeEq9iptidBeFvKTBzvqoW24ptehTUOa9Nc7r09F4dgQtF8WoIingTuieoAEi3nwJNMvUifiBvrMocBkrhdH0xbQcj5qfKBkft49uX3/tf0vBGti6vYVP9yHIjzryQrQKDs7F0GMz1aAlIhnEjLxSda7wDM8MOIhLFVLSlXA1XpRExcKosqwMItb2WwtUNYE7oUDSXjnPwPBml9adg8H1DqxyUUcaMntLSjBnkITPf0sZqhfFYI8L+Y/wXBSWtImxTqLMJqJKvcZnG7t+n0Nmn02e5qFzZQFpIt74Lg/bbslTeCiwRLWJLocC4ymhEitRrEJRu2O7HRhJokyLjnG+1i2qzToDFoWun+pXrmNwo4PxPTbfF5XabiLilnK8dzdQr64t6Bx480PXrMrsiPqBLWzElkBLnTUp0dM9bh15buN7/1sJ1sDGbTKdbkeQeHck24zPRKTmIiJPBbySrWapS0Fy/GgQz1M9KR3rKyQrDAn6WKg5NYKZl8cQqyQHoskvai9HgRKC3nl3CXEOnqSVCCIVx0oUSBdVS4gWhRxygznyKVpzaY9qrIjup4owK6i+JCQY8ZAnGo7v5iBXUE1NaEqditPU4+Vlex2YFJTRbY6aBLxsFEYdqt6iQqZAp3LAaSWO7HAw0ePRQowqjjXe7fK9Q0OAKngCyh3R8wT5IzXt3GuSClX33JVHwyso5MVAFYoaNiLCB8MQUcgu5V+aqFbhaMqo0aN1MCrPo4YvO9pQfHd4w6aP/jnG3Pj0pz/9og7Q/cDwMf7qY7Azu4Dq5Fa20w4uDzvYYpUdVDlzSYKdIGdLrCE9WH7lIRAq6Vyb1lMpC7S/Pqasqb5Vjjq+zcGRweBPKTxUDV0+GqhO+p4oUQg1WoURHHjG5sAJqafA5nRlIY7vz+HAOpd8x0BhnB2R0FXMT5f572mK0Jsx8jfHV34vMw7F7STHybTEC68pQdOMIESjPPRm8HdFuKn2nEzgHxO1G0loindVzrFQNT+Cig4L+/9YQHHCxeIbU0o17n+giBh5lxge4mQVl0jHG+IUWh81p0TIwzx1j+Ijw5SIaWEQndcsPjLOJD3WQmMmw0lQkKh5uKQraHz96lzvUC7RUPuEssy7xkLXvz61pA144cu/Fryt/M+PWP17bFmoIPlEy6eh6IhVzIVRPhMK7zV/iqgG+U/BrBf+IQLSfF5EvT5A1dF8gUWU0ND7qI1tP88R5XyqjggHVsMYUaTEgeig9Tawhkj0cI5qghwpRVLcS/IteW2RGPs7QhXGVhOjurKClBcVE7QCRyvR0mPztYjkJIRWfJBcI1foiZQJuvna1JJDldWgjArx22pKyixyMHFNjHXaynna+3ghuI9VRYxscdFyXpwkPrBQRc02nxODRSHsvLuA2VcklEf/ANWjnKP5vChqKHSlCR9TGX0hgGnB6VQz+CZSvYTUouFoQ/PlwWd3fPy/pCo8sMOpO5pQyexOz1wGvayeVp8bdshkLE1XviGJzRVHPDVIeT4nmw3MekMM++4r0Zz3MIvIJYOc4KDsu6eoVFSsRpCFaPaUTVXnK0Eb2ZCnGrE5mERCDph43yUTQdMl9EOB8d1QtQTxxFBC1HX4oheLRc5+EnaqUUiYyA8yGrQplRS6PmQSiKwJKkAPtXegriRALcKSJF8TC7GLSDVE3pZupHo74GBoYwnZPpekX6d61nmPedQutTC+10GGavy0j6WRO+Ci894iWi6IqWuc9MXJJQtF8FUGqatybOTvNG+QqJpDVd58VOEaWL37Q//lVGF22PsJ1d+lk24B1SRJjhO/YtY8eEaMFjc73DLC7IIAzqVnXFpdFglsebtJqPaV03FgnY3Wi6NqKmz/eQGtl0RQTx4SrSI53mYrpNCjBgeAnUwEy/XyGOUmXINWmMTZ/CQH3QqZia5QSQsyqAIVoKSbwyEBbIvfM6le4yQ2kbhKpUY8yuNHg7+R8ExYUeTYfJ1WKCdCjtdd4DXkDE8927xfl8eUELenHaJqRJWK2qU616hSRbUJDxMeWL88ogRpLydK22UxpeKTTbwOGscSRpL776dan+hyaT3GUDaT/UPOJmrUSlKAvRAxEaKmmCOxCjUBnVx2UhUezEXz9cvZtvG6Nr3UqvBl8bz3bfO/zRt745H+KZ3cYj7VEHkAOVXUMjnY7mSmHS0+Hw7NbPE5tb46hnJ2bLrNw67f0Dok+my7pYClH4or1bfz9iIWviuGinkkxJ0meh7Jq3icODgN3eaA6iiWaElKxoLmKAWnTfaXmt0yrYhYEQoP5UULKBssIcyDQ7C9A4gO9cHPj1H0bJVl4FliDFRCS9QjHi+ntiyHFS1D0YzAo6DIHFGH0YOMG9/J8z35nReEaQIOFKjPqVh0jFYo/25QMIa2lWBTjdedFlECVRj0ME5Ls3+VjfYr4jROXHQ/WsT8G5JKEF32w5w3JbCXSJYfcpQ1qdBYCyxHEWiHHDBe3aguKndgYFprMZhd+NV/6pBO73P6RzTd/csjKZWGijlzlfNSs0lSIxHlW5ZZImRUnI2izirmmMhwFmb2ugriBbUaVkTQeU+JvCmi1GPT+RE1c5/7cR5ls3TOWg5qmryJXE1CI65Hi4odKbxJuJIReq9V/0Us+Akj0HYiL+O90LY+A23DH5HrW8uZ3QdzbB+FM4+cGziMBAl1QSwzBSdSBT9SC92iKainiFYJGLYHkwhsxGsRL6uF1r4cbtMi2OkKImYctvRynlZlIa8yGcRxoof5hKJCBT/1cGLpBEhB6M57CzREHOWobbmQ6DTLxLqvTfA+ySN32EqDCyfrXe2h5eIIdv3WUb+XA7thxoQybkxfpejEaxqVqyZ3YNowkAT/JWf6sf+UgtWz2byGlt5N0wZo2tsI/1E4BQqVJf4iBF5y/u9kPUVyW6+MKNYy89URPPcTEt0nyDvSBmclkWluQnGKbqqNitkmkULM76DjrTIKqVg/PJ7jBVwnkOUw2YnI5CeNgOCOkYd0P438nt/BfvIuuOMbVS9Ea2nqL1wIvXUporOvQUXbHPgNreRlaZ6L5j7Vn1WZgl8RQ3F3L4pd3TQSRoDhEQp7Pwr9B1Dq3gp75z0obvoqlS85YKoNRsd5MOadA73+dDiV6SD+OZGH6diBQE2m0PC6TdGYtCBLRG3J95LsCa0WqFpoYtfteXVfjWdHVZ6XoFXLoiie/PSYCnbX0mrcS2GMpGnNluvqOJxdiLlhqhEtbauhAVHbJxIekQ5dFQrXeWwvSdqz9mIr+j39yR0B19oYWUoOtZKCVX14tZny2Y2I11ehlMvAIqQYhqEi/cFyKl+5AeZcG0WeBHXnbUU0Xxih5Ufhuln8TR4SDTpO/0Qa22/NK6uwjChWHLQRKxOy6qDoxNXsF6+8CveoVBQOWSwGLUVBo1qytq6Bt/5HyK/7NbKFXqQbSPzPvgCJFa9E5YrLYXa0orKy5qjsQlScDLj/wFpYbzx12gxEuaNC/yByXT3IPfMIRjauxthTq+F0UgXFZiC54FIYi64F5iyHLP5RWT9uVhkzmuTKex4ms8VUlqnci9gYRZ8WLZHplVG0vSau0KyHKrHloihcQfl2Q2VlSPwzWWegb3URRZlwtJzF4BYVLPPL8YO06uyufZwMhemqzfyCHOy6l6LazItHLM8/FE6PCFol68uIBtWwc5ylhAzT1JQFo+lBFqbwCEEWyREf3kghqtdpitvqs/nvTFDd5UjgXWz/ZQ5aVFcZnBIQNhIWHJtmuoR3xIITOCJvk/i0m07B4PF0dq636vdwV34JE7uehEsDqerNr+fgXI+K8y5Fuq7ieULhhXaeI4LJQRAVKvIpboRi/yjG3/g1WI9vQebdF6H8O+8hpzIO+a3gpXjUa5Bgw6lLVVWR3OgQBlY/g8F770D27lvgP/iv0Oe9CpHz3oFo25UolSXZCVlhYijROEjYImBUZtI/Qr/tgIxLmEjFKvfY5FcOyjsM5X4Q63LdtzIKtepOsZAb8NH++jh23JFTlrUeDShAUdYX0niKUR2mZ7fC3dTJMXEPH65rw8SAb/+HI9aqj2xC146yf+aRPnV4faxYbRwV89sgXkxdVrboMQXnqnnBGspqwvwALZ5Us4HyuSa6HighWqOrnPGmcyOKyO7+bV7FBKWTRGVqHAapPVVyo5hi5BwQTYyB2hisCR5/9Y9Q+MM/oji0D+bZs9D69g+j9s3vQqo6sGLs8Ppl4YN2iD97chGYynAIQ3UGrb78batQeM/NiJ7ZTnW3H9YDf4/E7AY44e+nLKnJ9GMveG0Z+pRPJ5vJ4cAdv8TAj7+HkUeeRLS6HWUXfhZouwB2LAFf1fSK00DgfQnh9FSGGVxT4oO8nhzVXFJXCYenfDitLOz132DfpnVluEju2dguBwtuSKjMjM0/zRLtDZVyX9AD2zvuBHlfKDkY3Lifp9Gnq48lEZInXwxivWg/FoVKVs986gg/hqWjfFYDZ5wk47mIiPtHOsoPiLz4YRrPNFW+1PKPJlUa765f5xGv05XekfBH39MSOyshUsHO4QGMaHAM5S86JJ9dc0rQqlJsMUTXrkTpcwsw+LN3wVheidl33oEVj+/GrPf/L8QoVDwNebR41D1F9iUUEixCnUxRCTMo5Dxe8DflrZrfQO6SRNmzVGstDdBrypQHa2qJWPg7ZZaFHgz5i03BK/A8RT7HUgm0v/VdeMW9T2DJPSuRuHgJxu67HsXfXQez72Heh7hKiMxjPYGVSgw0hNx7gSrWaHmWJjz2q4GJ/Q42/yCjUqqjqcBFIwlc0n9lM0xOYhW8UIFs5VwRo8EP04wE4zkJKzqO6kB90Yj1ovxYt1++j0ONf2erCUIv/lSrWdaiovmaSlriLJGshMl1fAjUoMWZFiHRzHZ5RCZLhT6GNjuqo2ScJWNgopPGPmeqHqNkhtXybBWQNpUfzBe/Ul0cZn8/tB+8FcN3/h2sUyrQ/v2fY/5n/hVVc+cp8HBsRwmPCJIxFXB6gQ9+MdJQgbHWOJ4cWI/6f30fEm11yvE5BU3H+LEfip8IqyCcz1GvaJuFpquuhUWeV9q3AZm7v4Ho6G7EGpbBrplPAZsIQ1zGFO8SriR96vA4koIjoS0aoyo50B4LKg8ufV9KWc5bfpZDvEJX/qzSaJDpoYduO8UapGyB+OV4rNJ46fCQTgOC9Yx//I/yY/0z27zDPyxvS9NykRUstvJdSbd6ygmpU6A8uBlXCdTodgfDG2xkemm9VGuY8+a4isENbqJwlSlHjPLN+JOIoHLEA84j5rZXERd/JfDA95G95b1wyfBavvlNtH3gA7TJAMmbywlnkSVbmh+uKQxEAcfBAAS1krQKt1zRgA82jePB5bWcSTw+1ZV/sH7ksSUTB6tMSqC9KFFJy8CMcy5EA1vPbbeh6wt/i+w3f4Hy130N7ooPBCnK4+OKbyHoDoVgIgBWejJA4KmUaUmfXnBdAsNbHWz8QRazr6Ql3Waq5EFBs31/zJPMBwFyZYuzP8R1nJ5Ryd8XKVxH8K1/CBMH1v1ZQzpEK6k1dcSqkBjVUbKljIPoqE6URDw/eMGZJM4XX+WdOxNBenHjuRbmvz2mLMECO2jOm6Moo3UjFtiUqlNkMAiOBRqLz+RSZjGL0reuwRiFyrzuCpy6cQDzKVTSRRNFFzleg6cHixREvBx2qtiRqmkvvDl6UBqic8czsPfsxIF9O1TH2Vp4zBd6HGkqN1SV8aB6dDFBriMLvFquuQaLV25A2Y3vxeCtH4Tz1RWwDnTDqyujAAU8yRGWoJb4+0owZJ7YWRpIdSbmXZNQqdWbbs5i8Q1JTm4TQ8/ZyPW5SDQZaL04jpJksvLUEh3IGK4K+wh6Vc6rfclV4ovhWN+exgeKqjnlJNGGitp7shZP1CChX6y/qnm6EqLaU0x0vCmmLDkivjKZJcYmaSHbb6EZXAoS8QwSDfGie36wQlkyDTwZ5IYoop3PoPDJVoxt/jWafnwzTr/l94g31mDYLam4nsxy0xWvtsC+P0V6/BNoVmggbMuStCOC7RNhQV8FKf4LPs5kSFKqxSiHiBfeF+83QxQzKtJYdtO3Mfeu22kobsDE5zsQ3bQSflWCFxGBLunXwgj8QCB83UMQgdKw9w95dBGVFr8rgcr5hsqcqFpgoe7MCAbWOIhVGihrkbhTENvUtEkDRUJmJsrap1VpZ4Upzn8ewSJaXcen849wgrbFaOZHURopoWaxhfJ2TaV+2ESnVKuGma+JYt99BWz+Xl6ZxYvenSAJ9bD15wX0PibRfqpGtsKIp7iDK1mjnhUgFVWoF+Px6zi0T9yCoX8+A/7cCpy+bhtm33AjZMVAljzKksrEIdLJrJ5yyWj+cTc/rJYc53gMZ7LYP9aL6mQZOgs9B3svzGg4rhaqRD98HyRCSAarjSzJ/4zLr8L8zb3ApSswctMrYa38iXIua7QcTSH4svraC7JqJeaYG3IxusdB66VxVC+JqOD1zEtjKg9/iP2ZH3Y56XTFaSXPPsXfphxvKldD3CrpxhQ57bRFe76GoArOy+t5p1CJb/BLh38unCo1u0p1jp2HmiHpGQb6N5FN0CqUJVN9q8TKc1Ex18SeO22MbPMw99oYGs4MFjmoWawHdotDtJGgsYyAQabvJdmpwivu+hKGbvskKt94FRb+6nYVwskUncDrIIMT0k/vJYom+OHs3jnWicHMAGpS1dg3sR+5YgERK6asvRe7aYymFvWHy2hpkIzZRdRUlaHiDyvx3N9+GEP/8g5UuiTrF9/IiRYndy0qsDRVQoOmMlJlJZJkQGy6OaOcop7tq0ndcHoU7a+NYYTca2SnqzqmmKHpUxGEkFyq1pIQef6rnl+B3tVHhHyE7X6O7UMvN2JJCaEZh39YOTcdLMDkXUn+1NAmFw6tuVh5SFyp7pItOpZ8IM4O8BDhHMj00GT+bhYa7eBolaG+oywoVcUlqPCikyf56bhUGUPi5g9jhEJV8YlPYulvblcZLJlC6SAx9idN/xPUedM0J7y/neN7kKPtntCT6C2OYCA/IvHjIIj+Is8RXPbka18R7EwhWLW15MtfQ+NXb8Lwv38YzkM/hJ6QDAsKNNygAJsqF6AorMqUMIwgf0OSEee/JYHmFRb2UkvsW5lHGzXGgrfFkWo2Fe0wQiMwE3GR12lQxS2kmhLTjfkH2RpfNsEiWiWnk9xEQ5yCIkvVyW+KFKBqnSReU1Bf4M0Wx6Hyx2NilbAHFt5Iay4FlaUgWZh77iypOKCsiAnqS9GaFAch8d5lR2qUq/T3/wr7H/86Gr7yJSz74hdUKeJ8oaiyMv1QmF7qppyjIag/N7odEfK7KHV0rlRC50R3GHh4qc/pq7x2x6Bw8TxZIszsD38Ebd/6DjL3fBLayh9CS0SQSyQxTo6Vo3QI6gRkECozRDJ9xMIW9Nv8w5zKRm04k7y0wlBO5tbLYrS2dWUxFg0fCZ4vJiuvqVnK29NqJdE0j8+/nKrws2zxw3AcZTOj6mVxzEfNQgO1C00Vctj68zzqSNQr5ljY8dsSuh61YVKRzrjAxJyrYhjb5aqkPInYqzUAIiRi6kgQzYjCj0RhyXL1X34GfU9/Ay1f/wpmfeivkRH/VakUVHp5GXcvE4FNcrCGsnnsznWhPJamWjZobWaxI7MXF+D0wImqvdTn5e27Qee6vE/J92q7/m2KW+3/8F8hTXSpvOg9KBHpJVOkpOvh4go1Eyg8wP5HCmp9oxWRNY+6Wlyiz4X6TJImxa0jy9O0pAbL1pSFqMqoUNDK2hIcm+zhl/VOtr9HUNf+pRMsopUM/fsP/zzVnICRCFbKyKrheL2BeINBU9dTfqr0rIAQLn1fVAnRyC4H3U84GFhPknqJRTSS4hnBGjrhVx7tZyUrkr5QY5K43oz+ez6Nms99BvMoVOOOC70kbgQtdDu+XA9Z7u6CgIot5Fe9+X7UpepoUPAz00Rf5kCAaPrLI9yHeL7Iq1yME11a3n4dUSaHvg+8F1W5IqKv/iBskvASzWpxugp/Mihsdp5thJOi0VTMrfnsqBKuke22SoF2slKngiS/k8ZCn6cMAH8qG4S/a4nSqMora3UaYHn3S41YXzgcrYTUpmfEg+garyFOQjiwxkWhTzzDRKe0RQtPx7Zbi6hoB2ZeFkXdqaZakDn8nIttt5SQbDVUJqX4u3S3SPgm2Y+Uwa1jZ6x9DIM/fg+q3v8OLPz7/0Okgopxubr2gtySL25k/an0m+2Z3WoALcmloLClrCS6ct3IFl2YhsW/FYMg+Mv18MJAMg2jme9+N7yhYRz4xIdQXV4O7fy3QxssqLCPHwq5WiTEvopR3c2/Nkl+VcD672WRqtGVtZhoNJQ3XlY2ifEji1eEwthFSTjUFfcqnxnHyI4jUOtGtr9GsCvHS8ax3nT4B/EmSdc1VdjGILEVL7ikBfevtVWqbLwWKutRiPrIDg+Z/UGlO1lcIKuWxaUQOpVVXU/dEy+zCa8+hej+QYz/23lIvuoCzPnWj5CTpDXOVl/DFMl9uZrLZvOe6iMxdW0PTTwD23KV5WR5HBjqmi3ZXei0+8C5QyLtq2K3L9s1heUEbKI1DWDM+NuPo/KDN2Lop9fD2PAAzKrKICt1MghOQZRM2nFqh5GtwYLY2ZfHsOxDaRXx2H5bDjt+k1Mrm4R1SDkBCWiXiafeDtws8WapYK0djQ69NNkNVINSk/x3h3OrujPLEY3HlHY2VAEzEkK5SOrp2mUG0jODKFfPoyVM7PMx8zVEMKKVmTbQ85iNSCworShYYHqk4844CpVtiBDW7X86ExljJ07ZcgA6rZV8NqfUzp/jIYmYyYiJ/tIQnJEsHtuxCr8tPYhRPQtLlvlrEczLt+Iv51yNxpmzyXnKqKKLKjP05XyIprJ5/mQsoSbk+guWw3h0C6JfGIFbllDhH+WuCePzbi5YyNtxdVzlxe97uKhCPh2vi6F6cUTxQ8lv2/9QUYWDZMn/4MYSBjY40CmAA/vycHYUDr+MfgT7Db0k+VhHrKCN1UQQT7iw9DyKrhU467QgX91MaWrVrzKBR4HaUyNoPh8q7td5X1Et7kw26iEvCFaXFB3JJ68nivGz2z6H3P7VmLt6DSwKVTaX/7MJlShYQaSUq+NND/8Dcpkx/O/qG/D35jU4YGQxQp3RpJUhmUrgod2P43ub/wG/OuerWFg7G4OFArSX88rYvyb1XDGXhZlMouPW+7FtUS2it1wP/S9/A5fGjmR6DEbIAz0d6bSsdvKw5ec5Fd2Qvq3sMFWZpV135FUW6tyrxUntqtoXomVk5bak91ocz1hrFJndxWCmHXzI6qtr2G57UdkNRCs50HcP/zw9N45o1AjqooSF6lVteiKgJPo7vHhZMbPv/gIm9rgKyRJ1JoVOR77HQSSlhVX3glU6kHBNfRnim9Zj9KdvQcVXPo/aq69hJxYPQuSfpUFVGS34RFS/qAbo7uLjWGnswBluBy3Bhfi99jS+a9+Dbn0Ip8VnYWHDqWiKVSDruC/vtYmHntfjSvyTXDNZXQZv3nwMf+2fEKtbBG/WUui5kuKgso5WvhtUFKRqpMBQqSA/6iNPC1F8h2IhSnpTzVJLrYKSRMGNP8oqKz1iBf4wyat3J44IUIuz65ZjZTf8SVVIwfoinz5x6GdWykDt8gSilqXCLioRRveVQ1Qj15h9VVzBcfdKmspErOIElD6PVOhINvgqxUMySGUhgUo6IWp5VKkmFb39T4vhzPMw75EtKqXYKxXUd18yHhwW3jamhNU/DK+CVRYmrdIKw8SWJx9D5/g+3msCj2g78Li3BmV6CmOuy6kbxXfOuwnl8Sh6s3mqSWNak8KfwjH/RSKaNlWP3oMD04yqPLXn3nkdjJ/+BvHP9aKUrIKZzwVZMOEmnlJr1S8FvKtifgQ9TxdJ3l2UNZvoeGNChYTWfTNDop9AgupwJ9GMcwomyX5+3MXw0xPTXYwkeAy9mES/S49Qg/VB/C4whFwVt5I1bXZBw8zXJ1DMaNTlHlouiaLjLXG0vz6KyjnEAU6j4pDMID9cnRKES6SGipY24Tz1feT6N6Pp279WA+/YBeW7cYOueVFNAi8FQnxFJIIGqoy8uEd874jvSXpOSTNRY5n43qbfYXnfX2FVpAeXYAVep52Bdd4g/sp/LT5uXYFnSzvwrQ0/UNpcF6MD3rTn9TirTFkVTX3jhJ+d2H14wfGC4Bfyjq3EuP3L30K+ykbpj59WC3Jt3oMTWql+aL5LvLb+DFrly0wsuj6BjisTmHV5nJzXRec9BSSaDex/rKgq9Sy5MaVqTXhZD7GkoSoVTvO49oRVIdFqduhmeH6weX6cJm1ULT0XM1sQRbhUwxmmQqWtPyqgNOxiYJOvshfSFOrapVL3yVEIppt6gBxqAaV4WOOwhseQv+kcVH/0L1D79neRV+XUwuOgIyefj6cdzGEPWJyPcjOCdUMb8dxoN2aXN6LghUOkmcqDPjlwMklc04SVKWLRRBpzjJl42t+KZr8CF8aWod1uVjX2dtr70FLRgnPqzsCEY4e/D3PgQ2tOKUcSblU1xvcny6k97xqP/978qfTCYslGorKMnKsSE9/4LKKLroLd1AotW1AryrWwDJKqdR8WnxCCP0pe1flIEb2PFlE2y1IWoNTG6N/tqOxeoTWl0QB6RMOXRpwj2BDbD0+0dsORpL06wpMaMA1fJfK5GU9lZUrxMiGA4qDT4iR+tYGQTey3sfXWEk1czqgJTdWTUgKlCvsHS7bE7VC69+/gE1zTn/pXDoCrKuWpjghDKwgT3F5oU9uTSJjCC0pvy2CURU1sGtyJx/qeRJVS465KAkxGLEWKPU+bcmXE+PMDqQyq/Cpc7M1DvZtASo9grbMe3UYv6vQqjHpZzK5aSDQSimir80q6c5xWY3Mqofij4zqoT6Rwx+778Isdt6IhEQ/O6x+yhOM4720q71nFU8mZyLfK/+Ij0Jc3ofDL9yAmReOs2FThAHUaWuIj5Lr7Hylh4w9y5L5FVQWn5vQIOl4fQ/ulUaSbDGVFitN0YLOjKhcqAWmaNutBlopVnagf69wjBKvWUmWspZCJRauwai5UEdlUjYeexxyFRh1XRYlgQVnHKIlgWixA11V5VrKwRdVZR5jRmY4AXV0oPvRNVP/tZ5CoThG2C0QrM6yHoIfPx9dKFMx0NIl6Wk8lyUAQdJJiauzw85vOQtaWPKso1ZOOjz76MTza+wjqknFVi0u8i1Ki/cnBZzDgjGGLfgDrI11oNGbgTmcd1ut7kHQjSGsVWDeyQaGS7lkqbywZi2P3xC7825qfqQB1QouhwHPVllfwegK/WFF504ONCHQvWLJ2IvfohTVYfVrN1Nwo//T/g7PnGei7V0Irt0KLWw8EzNXUQgyPZDxZb2DWK2M45boE2vlcyvjofaZE4YpReeicKL4qouK5wbrHNI00q2JadXjZcQtWmM9+zhGCVSm7phOxIrL8KI7Gc8mfFhmoP8tSGQobb86j94mSIvNBUDXY1kyzgi3NvDC5bZLGGpzY9sOfhdVMjfi+jyoepNKYJavBP7hI4XiarFksj8bxeO9q3L7tHsQjKSJMCgPE+vt7HqMAtfA8gWBL2nqEF1FllivzW/nkSMqzRP59mX7MNFqw2elVeZ8b3L1YYSzBXK8e92mbcbl2Gp7LboYkWMjuFz4FKSKZCTzPXd330RLOK141wWPNT7ViT6YPg4Ui0m4Uuks15Rkqp907gXucajJhqNoKRQcVV7we/jmtyD/02SBVTI8+zwkmXFgsxCaOVcv5EVUbYt13MziwuoSR7S7G99kczwgKY/4h28AEWiNRPe1eDlecCGJdeETOVRl1MdWGkyEGLtCpFoHh7a7ylmd6gNM/GsOiG2KqpGK0hhc4rqmEPpktSs+rYi5uUH9dNEBZFEbXENw/fh9l7/8EzPIUj50DDt2o7zgfDju6MppATYxqODOGB/seRiNVs2RZfubZmzCU3YOOVANyTiiEto1TahajtapDxeOEjcVNC2O5LHZld8AzPLxKn49GtwG+UcCz2nZlCb/WPwt9sUEM5EfZCkgSimU+jOVszCqbi7fOu4JCFUVGlv1zspTznGtH1uK5A+vRRDRpKIvg+1u+j9v2/A7t6SQFM+B5x28nBqt5CoW8el39l/+E0saHoffuZf9Gwv18gpo4CL3zMqEkfNNL61BihyM7XOTHPEx0u6rajaYdXMqmCppIycuaadXhBSciWFccmc8eUaauWlz6HEneiHymo//JEqrmG9jzhxL2Pegg3exh0Y0WTv9IjOZsRMUC3Wyw1YenMhKCnG8V/HzyWzDjnBE3/I1a66dPLag63hZUdqmLp3D7rt/j/675Aa5bdAmay1rx5bU/xq3b7uCkzeOGudcrMqoWl1It9paG8OzAJpXbpBmBiionij7S9wQIPTgt3oEvaHcgb47h9GIjLF77Hn0Itp6h2k+iP5/B5pE1SMcCdSOWr8N/20b2Y8Qepyqk0cI7ixtxnFa+FDdt/hZ+3/lHZIhmWX8Ur6g+BaPiXyJHsybV1nE3X1VV9mwK8NVvhjkvBf+uf1RCVJJSgDJmYTE5m3q452kbu+7Mo/OJIieLKqilCv82nhVFbtxTVQ1Dj6wysiYkPY6WoaQ1Hfaop2abc7yCdQS/ilZYQe2lCJT+3fEbG1t+kEfLhaYSh913FJFq5MU4mqr5KVX37FEHluGqMI9Yj5oi7vwXJ0zT0sg99jUYb30DzBm18CfyocP0+J2HmqTkcYAIgphfMxuP9jyFzQP7sCg5G30T3STaOXyg43qcX7MCw35RlfQupzB0jnVi2B4lX4oH4RIzhmzew6/67sZiowMjJOjltC4udc/DSm0barwkXqMvwa/0J3GRuxjtqMFd/fejyHOLH84jckXIgPeO7cX+XBdqeY7aaJQ8y8E1s6/GRQ3no3t8L/7hqS8goldgRVMH/vK+v8HD+x9GQ3lcqXHthByoOhxa0hr7Nf6296O46icwBzNSzFXZP1IrTAq2SbqygJAkY3a8Ko6F18Ux75oY5rwhpizB/jUlRBMH4VCb2lyKIFJxVBL/wgSLUig25NLnfdHUVOU7JciqaIvsxuCroKakyfTQ2lj+V1EKmYHOu23sf8BBLwVLXstSeLWubapIGa9USif2PgOMDyL15r9QF+KQXTv6oWb4C2uuiu/paE4k8dnVP0c5KvGF8/4R/7L+u0SsBpxVtxxt8Zm4bf892F7oUoHjv1399+gfzSLvDmJPfi/ydkmpgGrOzIf61mDXyG61rL3Bq0K9U4Gx0hhiNFq26QNY6WzFdfYKjOrj0JImth7YjfUje1DBQYyQNxXdPJGsm0ZDCT1OEbfuvFshiqDU4qp5mJmajTmJmXht6/n48vqfYX5FO66ceSG6xjNqVamtBTzz+PuBKlHI9pvfByTZj9t+LcV1lIVclHUHtPpm0voTD7uUoKyZT/63x1GceMfvctjwgwyt/KAkmLKOtQC6Kos6okQ8q3xannXx8SDWqYd/YKXM52UWuqHLwHVkJweetFLH1tscxani9Rzkiy3Mu47EfolYHeGSeinaoeqKmipI6a76DrSFZTDPvwgFKaAvoYoTzgIw1L6Up7fMw+fX/RsGsxlcNftCrO3foDziK/sfwW2dv1dFSeqsKKqi1egudWLt2G60WzOIVJYSinEC3/1ddyEWs/jdOAzXwB3eExi0BlDpVygVej+eoXr3YXleoL40Bw913w9LC7fIoboZLI1jwh3G9tEduKf3XvI8HYPFIfxo120YLkygPF2Ngcx+8sABfOT0D+LmrT/FLzpvw6xkWoW/fBxvtkSAdLKfT2ReB3DRcuSf+VGwM54VRzHrqdTwZL2pSkZJblbf2hK23JpTQWepW68ia45alhTU1tAC69NVa1ml9ljkBWm2YwnWEbsZRNLmEWEKlVsd8TCw1uUMiNJi1NH1RwdL3xNV5aoloq5btlJTonrUHJROiPECpcDasz9D7PKrEKWqcLNFtVTrRBIEDAp5XTKGjz39ZbRqFXjf8uvx2L6HkEQKTYla3Nz5Czw1shqXNV+InRSkW3bci2tmvgH/tu1HHIg83jHrauwa3U+0Ap7Y/ww2D2+ClaCasNtRzaNcG13B67fwqPccKimknzTejAe8LYj4McwwWpFIRbGq91nsGB5SZr9F1Hn7rDfgj92rsW1oE9634HrsG+8ht9OwM9uNH+74Ga1RDT2FMbyh7dX40cafYNSfwA3tV2N1325V5VA77uUIalkwzFwQCC+77O3QdpMn9vXCj5hqQasIkPg2ZKsWEaqG0y210KLtNRHMfh3v9/oUFr41gdYLYiqZwHGCiTJJ/I24oVLJD3vMpIZrfaGCteQIxEpa06SX6Koc48B6F/sfKqD11TS19ztYc1MeQ7wJWc41tpvEkrrHdiOqxLbCPKn42P0M/JyDxMVXB6m4ngNMZR690BZAdiJiYHXvVlxQvQw/7bwbmUIBr57xCqqvEdxHs9+mMFRb5aiONmNh/RxsGd2NAaLHQ3vuxzm1Z5Bz5VTNLsl1evzAEzAoRKZsbmnY5EsVeMjdg0f8DXidtRxxN45t/j4UvSLGzQLiZLoRM02EGsPq/qdRyTnz1PA6LK2YS/Vbh3/ZejOq/TRu2noLUdtGO1VgZVk5vr/9J0hYCQzn+pGgwfHe+e/EdzbfjEcG12FWLArbO2wx4gvpCwRLydQ+oBe/GloFRWL7XWqUIzEiVd7Hc7/Ko2phBE1nxdQXJbtUdt6QnC2p8NxDQi9VA7WgcmaQq6OH9ZllDWNy2oSYhSesCs3D4kWCWKZGS0YrIVHvk6j72H4ryXuTrhyjB54oEG7Z6TStxeQ1tJIKbYhTT/Sgtvl2GC0m3FMvUEvhfU07zsUtmvKmC3KnSZZp+GPN8BasqDsDByb2q71xOgvdWEekqIyk0UjV15GeAdPWsKxmLr607kv466V/QfVuYpzmbU2qBRNUYQdKfRxwCzGikax4GfR3Yi4aUNKkZmoEJc6vdX6n6vDO0iCajKRaah+lcdJD/jaRA84gp9tX7MWi8jmYE2/CL7vuwytqX4HXtJ6NuckGJcCNySo80LsSoyjhDBobd1LIF1QvRMrS8XDfJlRIcTpgqmjun26TGa/UD1IgZP4imEsWwd51D4y8yFAERoWG3LBHi7BAXlVU9R2kbfs1LcR780qgRnd7KOVclfKkh9vcmYfUJDCnF6wlf1KwCGuyOHHx4cTdjBlHrIUTIXHDYhLi/5B8K9uRtA7OeE5dXXlvEThERdqNkvLa6zbN672Pw1q6UNXPsrMk+DTzpRrf8TSJv0Vpwqyn8Dy9bzVW1J+GgYlBzCxvQFd+FDvGutGcrFae7e0TvchQgHaO7sXe8X7020Mk0gtRlBACp+ZD/D1okGTzWalbpGzTywpnoswj0nEmSLrMaqzH+d5ivNm/Eo206C6yTkUTGjHqjiBBazJv56QGLlYNbEY2M6ZM9Ws7rsavdv8auUIOK7ufxFmNp2CI11IRa8T28S50Fw4gW3CwLDUHo3YRe8b2wNEsqUSgmqQWHV+/gMhUCrZEOXMF/K4N0Ab3q3t0yBclXYlzASXZQYPjKjlYktEgmy1EKmmgJRFs3DkJH5NL0yY1V3xawep4IYj1v4/gMFKD09Kfn3yiIdyY+1DnrqYKuQbxNi0sQ+4p4ZOqBVGD05kXZgyOA7tXwTv7tapugVUM9+3TtONowYxyHJdqTMOSyjZsHd6DGPlExI+TKA9jT66TajIBr1jAu9sugxmNIxVN4879D+Jjiz9Ms78f49oYdmQ6UZ+KY82BjRi0+1AwojjN6cBMox5/wEZ83r8T+7T9eLP2Bix0Z+Bt+AeilIWUqnxTQrNWR16UxO7MdgqHh/WjGxCPxzHiiYpNYFntUgxn+1AioX9CsjfKZ6PA60tZafRmehEzo+jN7af1XERHeQce6XtYGThSswFhrttxNT9c/rr4PFqmg+SzW5XW8GigqCpLqnqmpuK6CAusqAyVsIa9HyKl7vvP26RAIVZiWiV35gsRrHOPFCz9iJ/5YR6W6xsKbSQQIqEJz3RUiUhTE8JuUy26SmW6VCP5UkpZbhjYLpn7iC04VQmWgyIcRfH942o2z5qmwK/vWovh0jBmV8xBiago6/8ykuZsl9iR4sLwcEHjGVhRvgzNsQqeM4O2RB151gCaI3XkVWtQmSzD3sxOHrOEWi+CG/XLsMXbiTv1h5HWylHiiDzjbVZ/j9MivN9/FrfQWtR5n2f47ciThwzZGXQRPWuMFHbleoJszvE+nFW3hCp5I+oj9bik8ULc2PZG7Ce3qqKK7rOJrJwA1eXVSPAY4kJaVj4Tw8VB0gep1+wfd78EfUNe1b6QWsSXPVqCjAo/WNmqe9pUqnMQDgm3UlGhNH2qxsVkcuGhq6EEZKZZd3gKNV36qILFP8qwrzg8ZjCNJfA821BSkg3Zk1ktD7EUktic0Q6bq/JGgm1MhGMpfnVgJ1zxlLW3qxkhtTElC8E7jqa+z18Pl4qoopCcVn0quvP7kAbRSh9FgQIl8TtBg77CAL6w+RZsm6CaKRbxxWUfxxODm8mjosgSzWwnC4/ca8Iep4AYaNHKaEzkkOA0LaNQLfBbsFSfi/eZX0UFDZC325dgl7Efp+pNqHXqsAf9iOumqog3XBhGFUn7030b0BivQrc/iAa3EmeQP51aR45LRFs1vhYx6iNxpGZJ+sV5iqKGmlitqlWxbaQT4w55GyejBLK94+wbmeCOJFvMmgOtrhbo36uQSfNLKrPU8ILFxBJjxKF5W4esvlJb9oUbYAQlUYNviOYyLP1oiX9HRawjls6bUSPIQz/q6jdPzSw9dKZpLsJNvYPypOL/EDQruDHO+kSw53H/GhgNSbhtvHGpNKNrYTDjOA1sz0AqEseuwk5sGN+B2clmjGOE/GZUuQekGst4dhSvbb0cp1a38dwFfG/Pb9CWKkf3RBdaqlqxZmQjmmJVkLEdK2ZRY6awXh/GKmsXWrUWfBRX40vG24mAw9jp98KxynCJdw6+qF2Py3AaVlNFbjZ6kNSiqvZlxp1Q+V1dFOaIcDUKkk0Un59egJ/tuBM7nF14vGcV6qI1arDEunRUDXkPWQpzdSqFpXWLMJgfgGO6JxQz1dVCChd+VRrejLnwRvbCcB0aWsG2LcFasYNZEgqpAp+CWoaHsEw6DrHTJ99J6XQjNm2mw4xjCdYRJEzyp6YjbP6UdIeJa4rEu6HqE3WUV0gmIRqRfEsvqYsW+SuN7YZRW4doRRpu3lEC4B1nypWgeYpI+syBZ1SRtVOqFuCZ/u0oSI6K43CgLcT9CPYW96OaqLWi7izMrZ6LCxtfgV/vf1zNyBoS7s2jO4kUDWp5ebaU5+/iBFUXd/ob8ZCxCY/rm/DV0u+RNxyqv3/FAQrSp4zvYpPbjW/7K/GouQptRCTxlEvtKgd5hQwWEawzI+qulipyCNvGO2GyG+ck5uLTp3wcdclyjBTGyTvj7EMHo8VxNKZqsZ3GxdrB7SinUMZosUpxtONN1RLHpuYW1M5nZttiGlOO7HLFcTFVKUyl3Cb3APLDCjiGP1mWZEqWA86lHbagA0cDmlnHWqUzPWJFtaNE1bVwX2ao9A21gaSkzoU5VMrLHroSPAk8a8FqXZfI4VXXhL4w2UFVC7epPb7l7xJ3FM/YnvE9SOtVaCISOb5DQu7C4igOk2ctrVqi6mR15waxgzN3Sdls7KKwVUXKUXAKGLZH0JRsIOF3qT7z6hLq/TKMktR/Hr/lAFHoaS0+QrVZ72ew0luNGgrtD7UHVYHPZp9CJbljqhxQiNacTJU0GrZlO3Fu9XL8dt96vLF9oVpwGqEw7yFa7h/qQjRiIKpLZgP5p5fFLlqE0UglOtJVeKj3IZQnmxDT49Se9nGnPIgKVZSqYQbc6IQqPYl4UiUBBF0d7vgTZi/o4Yh6U7HBYMsWtfoqrBs7iSj69OsN646FWHVHwKolO4OaxxxiPdxpQSoAIKy4p9AuVJHS2RGjoHaF0CUQ2rMbaG4NIFYS606g6I3Uk8px0KtIvl/TchlObVmG/cUuFNiB0qlRLUm+04/58Ta8b95beR4dF9Yuw8yqeqzt24gFlR3YW+qnrNNKpT4uuDbG/HEKZAQ5XnOCXK3eS6Fer0GD3ohdWh8R7GGVOaqRd9XrlWjwa0mNohwsIrQgFoclJ3XbpXA/BaKHlqD40Aqy9QkRxHYllXgE8xIVeOucK8mjxhGjkMqOEWOcYIKsg+Pd6HWH0ErLMSo7bJxQQSZNhaIUAtEoQVTq4DvKkNEmISEokxjwXhEiqWOqKgZqqqSSPA9xQpV0Ve11KpE3UIfTjlfqWIJVPp1gHaX6yCE1CyY3ZvSV+hNLSe0mDy/MFnWmWKEjdQZyQ7AqGwKkc70w0e34YoPSSWmqiu253fh95++xZ7AbeilJ1SID5Si/TVt5C/7Q9zg+8OTn1KYFGyd2YSSXxbDbj2oS7B5abJVWAn25Ed5nFGfEF2A7v2PpEbUETPaM9lQlF5uImES1Vsv3bpBJ4YdOYl67RcSZoDVqk6i1RmdRMAYoljEaFhO0dzUI4A/xHK9tXYF9xTwiVI+9JO0l6vMqK0ako01MLjZMRFtUtxyL4rMQhahkMX7s44+bemJNOsFmZaZETGh7ExwMKa6hXAfBRgXaoerHD6xGLyx8WzB8ZbEb3uTo6lO8C9OvmoodSxXGj5B9QaI/sfzKn9q4I6wPqtSeFuxDGAl2TM1z0EXna+RakjznxpJBkVURghOoeyDn7MuP48K6czE73ox9+Z3wIuywRArFQhaV7JjRXAGvm3khLFpaE5khZPUMVg2vR9SKUAVRVRaF45j8bjnW9jyDCxrPUUVwbx94UN1DguhVJruUkQcZakOBIKlOZVxJcVinhKxTxBhVaJzC+ImF70HUN7FtaA8SMRGsDFEqj6pkLfrtYfx8x+8xxonUk9uLuzpXoiIWQSIu7o+SKlo7UZhAV34LxqjSR3ITKNWfKQlV4RKN41zmFk56Rzo5OxxsBCXp4WaQCu1NLVXUFO+dpDb6VClLDSnX5MQJKc2ULyusvnzkI3oswTqS7mvatOP+/PWIz3+tTRbRF6QjnCvINdwgJghZXiX+P/MQ2/b4BUtVWZSsS97oE4MbiTw+aiM1RK3A6WdS9WXdDBrMWrxvyVuwm+gk+e23d/47/x5VqnFM3Ay8oop4GZY2zMLXt/4YFzeejU9Vfwh78t2qwsyB/CAtvXHk7AwFKaj5aRAV42ypWCWWxBtRF28gKW/Agz3PUp114RU0En7TuUdtSAkKXlm8Ep1jvbh8wXlwbVfN/ssaVuC9T3wKVWYSBapu2y6iPjUDMSlcZ/t47dy3opAvqNpX2nFbhkHpbrWETuohDe1TGRcuOZ04T8UKd0Kja3I/TUd9JukxflhVWpviXZNW/vP8EdPkAhxLsPyjmn8vaAl44P5/Xkd4/vMuZMoa0bVpBPS4IIsdxAEh4i0om4OBXB+FN4OWWAK7JjJEBgeLa5fiF13/jnuoDq9svRjnEQFGOIApIpAMV04q2xCx+krDmGnV4FVN5+CB3seINpWosOIUlibMTLRRiHSVXWp4nqp8rHx7vK8xX9RUDj0j+/DHvkcxJzkH7194Hb6x/SeKJIvKkSVmKSNKdBxWu5K1lDWhn9d6X+/9ij+VWWWYcHNq4em4w+tPLsCa8Wcxa2IMVUaSxkgJJ1Z4MZjIsrG0NnFALdfzTCmQG2wOZU6WJRcCowd7OEZCx6l43K1w2PyQiwW7uGrHkgn/WIJlT4dMvn+kN+XgSWQrdR4mZyEyxANU8PvJgvJPqX2d/YQqi2yYweJKnapC9tQpOU7gpji+fRefZ/mICEt+1Zgziv35TnSUL8KoM8jBt1UmQZKD25DuQFW0Af1ErPaOJgwVR1FuJhQPdPkvJjOXk3oXkWlp5Ty8reP1+N3eh9FT7MbG0e2qAIitF3mMMnXtemDWol8coSIUfh6nlC3g765CWTTNa5nACAXEIncrlUYVRzNIPwpUiTPiNbh/7+P4de/dyBfGEY8nVFZFyS9SldYgw+s9UOxErdWIJqLcMIm+pizO4598kiOm+lcWC/J6/Lg4rqO8B5fCair3iFJy1Cp+MY7IKL+b5O9SBeXTUguJ3bjCBUPPPS+N5yhgYB9LsI5YSy0lsIVgwzyIdLJ4QvNCQi57mQyI130LshdmEds8g0dpgpsmIc1G+LNO6DHp5MpgT77goNDz+Sm3wYkWaRHv8UA+g7Prz0VLtEpxpjnVZ2C8Z6XiSimqGcO28PGO64kC27B5YCuvR1PLr7yg7LDiXwMUtiWVc9FX6MbnN9yMd7dfRSNjDkZrzsac8nqqKQ9dpUFEKGTpSASZfJbI0or1o5twWuNiWplb0WTV4p83f5fqrAKVJjmZEagwQ3ZqZf9JfS2dXKo6EcPfzf8Aev0B/Nu6/wfHDiyyGVYDdtnifyuqXSKyWp68ywhxxz/eOaf2xlEeqyI5bb4QlFmSVVJGPMg1VdEdCktWCrp0wV6xD9G9HfBGquCX8bt2FJHSfuhmltRlDgKkOEQLHfkoHkuwRo4YPLHa7GD73IDqkSOUijw2yXgkB70QI5UdgPumJzB0ioGqhm6kf3MJyXklXGsQevX98AavUEvQpYqJJ9tspBrhD/eoKxEvte77JzQrlb9MNtFkpz019CyqSISzQzlFOOORGJZWLcDaA1vw2MQa1JU1UPhq4ToFleYijsEYO9ZhZ6eILruHt+Ibu36DJLnTVzZ/G1ne8/Vzr8KND34KN3RcgScHdsC0grWKsga8PTELn9r0TdzQcjHuHlyFtnQjbArzwlgH1lLgkkSFjOmrlTriUU9Gktg30Y/m8ja0IIG7dj6A+ekZ0InmOVqINTV1KGRGqdLzuKjlEoznc3CFSfv6CUy4wIpTKcu0wCWY7RuxYIdiWqeGVgMvQVQvWbA4GfNXPYmR04eR3LYXqVteC61QRslwYDQ8AfvAQqpRI7AsJznX9IKVPZZg9R6hqYtSAtJT+7irLUsyklrxB3gVzXC6Tw8cno1Avi2GsgMplCrZIWUUQGKfMW8N/P7zqQnrYSTyFFKeLiY7nNZD6zuAYJNRMwiZ+idiGQZBVIl9tVXMxXMHHkJVYjkuazwXO0aeU6kxb5j1SoyQZ6zZ/SBeVX82GmK12DyyiyrAIrKUYcQrcOCLOOCNY3aqGc8ObkWvOYhyqwpf3fQd9HJy/N/dP6PAxbArw47XY2hPt+BXfSsxq7wGf+hfjVSiXDk9q80UmiJVuJfWnRgnUaKh+KKGCqOq/+ZWtWDNyHasnxjAkvR8omsHirQsO5Id2Da2h6+JwPYAMoWgqIcKCOP4l8IJ/RY/n/rVWD9VGY0VnUBAJWFVSeGQPdT9Z6hNn4wqB7k2B7GeMnjlPJMk/XXx1MsoVIPtxIIl7KtCyFlCmXCmFayxY/mxOo8QrIKrWghfIBmgOX8mrY0DMFrXwaGsJDrLEd1VibH6cVj7y6Hvr4A3YxXMkRi87Dwim+jluIqlCXD5lXXwBgaDtYWyKbcElXGiTarv2SgWHcSjzahLpHFn7yPIOTmUUXCeHpAUYh3LapcjReuvzEihv9gfLPOKVqNo55G3CzyGj4Z4FflUAXVUq5o4AYg4beZMlCdSaguXa2e+HrXpBuR53tpoBaJaDOWpFFWkjhhVXivRSDa7H3GHlD+vgueX0E73RC/aq9qwmSi9daRT+b125TppMNpIRSMoS9RglBN489AG5fpIRROqruiJ9olQIDcURnegh9qmOkgQsFxamovgRzkOM+4j1+J995cjvtlAqYlaqSsKZ2cC/qytMHht3tgZask9ZPs+Q5vKy/KK07o/uo8lWDuPWACaJz/Iu1MQoUkqTIyqbP/lsgEf9JlPwo6nYK1ehkhuHIn1p6M4k+ZtbBDenvNh5XJAZh30flomXkylzZgNS+GO9qA0UkApFtRQsBVunVgbLOXxirqzsYTCUxUrR3mkmSS6CNfN4p1UY7OTDRSaNPb6BxCntVdwS3CIVI2JWmTsUQpGFDkKWDmFpeQEiTweVaSoMZk4XSN9OKPmFHxs0Q24uPx09GUHKFRW4AoIwyNZqtiGZC0maHVm7axCohYiszDRndk9qKcari5vwMW1Z6ONqDm/dhb7kmq7YOHZ4V1orKjDK1suRWW8BYNeQW3T8mL6pCQFJSQhoHM3/LoOkndNlTiXXVy1nSvgx2bCar6b15+B+cSZMHIDMNe1wkrsh1bWB2x9JfRxiXvuhiYbReUNtchCrR4vuNMJ1p6jCtYb724d5tPm55N3KXzqHrQAaXpL/QurqMHZfS68fsJp60pYu9rQ9IWriVhN0CMTMDafCZTtwfg1d2Pi3avhX/AotNE+VRxOL2uD1U9d2b2bcGeq/Yp1nHhJMnFyZrUSVu6+F/d23YWIaSEZa0VdqhX3kcivHdyEn+1mJ+ZczEvPoiVYjr58N5qIFHkilyzr6i30osaopsAE3ET8QCaRbqhItVUxB69vuARX3P8BnNWwGKeXLSfqjdEkDyMO/E2Ox2mh+hwq9SmUGixmeK7ZKFK4JYGvLlKNp7ufxoODj6M6WYkVdWcizwkxRMtxdtUSFMZHaARsxpLqU0g9ilPlHk+0Sb0xZ6SExN5uaNUtakIHyb7kVVJ3dMN8GJkVsGY9Sb7bhPovvgmxnafDq+b9rJlLLtyFzFV3YeQdT6H4qjuoffZQYUXVothpqinL48CfSvR7bDqeFeSl6uROEbYdKJzyNLTla5Ho7QDWz4PXnEf28i4MXf9b+N20Ipr7MfCZ25E/bZwC1oj+141Dbx6k9POkNa3AMC9w3zZlKRpe5ITI+5SdS0kvFHP4yBkfxatnvAUrd/wSG3mNBtWvn5/A2pGtWJCagdnxelp1FZhd3Y5nR7YR2cqpLmOIxtIqvBNX5LxG/ODKLJeLGyuM4Z1z3oi7+h+jUKzCfUNP4U3tl/PziXBZFNSWLBVEvUS8HNuFh5GoO1SdLelm7MzsRFmyBsuqlxCtlqK/NIJv7fo1vr7m/+GsqrORi1TiGQr/c7ldajtiQT61OO5FlPgWi9dIGHD2boU9noHXcZGia8a4gcjQboyfthb+4s1w95Mb7z4b0VQXxi/agfy77oOWoVUYHcbE//kVimfT0Inwmi6gsbaY4zeoKcFy7WkFa+BPCdaXphMsgUDt/7P3HnBWlGf78DXlzOllz9m+bKOz9CYqiIANu8QSE2PUN5Zoktc3VU0zmsQ3Jm9iNEajxmiMxkTFbhCjKIiI9M4usLuwve/pbWbOfPfzzFmEZYEFV6P/z+E3v7OFPWWea+77uu7nLgkrWZxGRK5chsS5mxE+fye6f7oYRmkPDKUbnSe9h8QUcoMlu+gNOuFcNxbOzblQk73IWUIcqzOfTDDr2TAaMtt83r0ZfRWwH/Y1P57ienOBW6NRstZOnD7yKswMjEWLpuHSCdfjnpNvQ6HDhzdbPuBNOs7yT8VbzWuhkHIc7xnOW4DXs77tZE5HuYYhTCqNEd59kWYsKj0Hvcko/lb3d7w+71G8UrsGQXTg3JIFaIl20euJJKUTGO4pgUKrVxtu4JH5kWQt2XbQc43v4My8OQT8JKpDrbik/BycXzAfCyvPRi39XSwdwa7YbpxeeD657Us4N0yxwpOPcD2MbEqxsmc9hA6yYP4qHgyQtBCCl65C4vy1UM/dhNBPXodaWcMruEPzN6F3zCZkCrcSDy6A861yuDYqsJFLV1aSSqzPI8Fm8NaRA9iA98nbaUdShYeQMBNYOkepmGKqIYLMOHJfBBxJiUJvdkOXciE3FyHvvZOIT5FqDAeQ0HLgfLwcUkGKXE0QUrcNqt8BgVyrTuRdKBgFefXbiONnUEQzUmp8xK7DKQIIK2o4oWA63trzIuozjfjtzh2oIhe1OboLZ5BaTJL6K7QXcW7UHmsjUj8Zq6u387yyFi2KqTljsLptFfEtD51WXh52y4Zf4s4p38aCyhNxQ7QVD1U/jx+OvxbL2ldw19Ie6cYlY05HKN2DEPErnRbwiopFCOsRtPTuw7jRXyPg+bG2N4iHa57FXZOuJ2i6sH7fWozxj8XC8i9wgO0MdtOCSKao+QjXgvUe5Tu0a5fD5S5CJodcIYtQemntx0cJeDmIe6KwN+iwxX1IxctQ+PJ4qCxXMTQcAgkI6+ILYBTrJCQiSEaYkqe1U5I8gXAwXu4Qi0XIY+z1g4Oj72yaAekNn06+dgR8fyuCvEOC+7nx8D1yKYReF7ScXXA+MweeZyqQsBTB4qmFPvpNJA16t3oB9BIPBFIjQpKIsYsQXbkA0vr1EHtC0F0uHnQzW04e/ykYEnHCBNoiQRQFJsCDXNT07EJEcuOOyd/Fju5aLHr728S/3LhqxHl4uvoVjHIMh9cWgMdmw9qujahwDoPbXoJ94XpcQVZlRfNKXFh8Oi4eeQ7+94MH8F8TF2GEpwybgltwSelC7A3vgV+20vOUYmXHOvisFjhg5XWFz9S/hrNHnsdLxH644Q9oTrTgJFcVfrT5MVy57CZsbn0d9eHdfB8vo2e7o/bNoj6ea5Ad4q5brGSd6OsPVtAanAz47HyGihHywbV4LOw7M/C+NAruhy5CJjgKRtE+SMvOgOvZ0URVfJB8PVDnrOXVQqlkHmQ/WSwbl5rQ4tpAwKoebF3hqkN4TEzjmZG6i9C7eS4Cz5wJafdJvAuJWL6MrBkpq7J96P3Bc0SAa0k5jCfV44G14FWiKqQJYn2NZM3RZtrMi4ljxWDfuAVwyWZk+KP8Y13yyOqEWImT4sLcgpG4dswFuG3C1zCzaDTqYg0YWzCaeJAD/2p+DecNW4Ca0F5EUl04t2AmUkSwN3btQMLQcGrBFFg0Bd5MHkKJEL47/Wu4a/2f8LMdD+BJsoS/P/EHqAu1YKyrEs1kwS4sm0dKM4V1PTXoTSWwsPhU3odiadMGfGnEhXg7tA4rW9bASSLjy5MuxLVjr8E3J34VN068FWcVXIgmEgjgg6kE9DWTPJ5/fOo922TOsUOqroN1Rz3EUWdkG8OloOaQNayeC8/T55ACnIs0eQ5t3FqiOKRiiyMI/fQVyLnVSLYXwkj5IFa+SlaqHVriw3gaw8EAx7bBAmvjIcCKatmmnmkykXakh3mQZiN0AsvJHZRAaiqHMXkj+WlyjdNrSHFo0EMnINNTDrloGbRAO4yk3eREbLxG8QwoLN/o3Vf39+Q8ro6J2WxJxeolnufGOHcO8oU2vLDnMfx2x6/w+60P4Ma3b8Zzu5ei0lKMywrOwPKmdahNduHGKV/G/dVP4aTcE2DXXLA77Xi2fgmm2Efhlok3YEusBucS8d3UXoNXmv6NC8tPwxPVLyMaT2Cybxw2hWtw2+TvEZ8ajafqXofb4SaF6sYpw2bjN9sexXfGX0YLFMUze/6Fk0pm4PT8Obhz/X30Go/xVOGW2HpoWiNKrE5ESMCIrL0ja1gnHvs14HunouledNY26v03INH9rI1daO7isU1x1szOp0IvcoM+LtGaTZBTRMz3EQcbuwrhMg+Ssxqg6MQxm6ugdk8FRqyAlLOd1k7hdEgd2BUO2mKt7/+DdETNen2BgysTJy5l3wrJTfyrcQaEoiDSZSkoQR/C41rJnzfyEm1Nn4h00yz6vyuJk9HPib0biTTEHA8yk8+D+Npj9FwEVofzgLavgyWpZoTZb89DU3gvVtb+BfHgCqxpXYUWEgxjnWNwUeV5+M6EG7GgbA7K3cU4t/x0HmJ4cMdDOKPkNN4heVNwOxaNOhdRUnrVsV1YF6rBWF8l2pLtGOkdhSX1yznpdxNw40YCLzcuwfjASLQkgvhC2Wl4rfFtsjqt6EkkcE3lhdjUsY24Vhcuqzgbv9r2MEaQW7xp9OW8hqHEXYnudBRbQ3uwrnMD8a5lGONK4+SAB6Kqw2EJIJNR9486ORbCzlvpknhhOJOXEngrp0IIlJNF0vdbHN7IOy5Cdu6Dxb4HqJvFebBWnoDRQ15nXA95oIhZph8pg157BlnaDbDrG5GOirwUv9+xmehTeLDAOgSBGiF1f9hBt9GC1kHy0BtrmgFRYYLKSjJVhuDr4JZNTIlm7rQSA6ylEOrn82mgBk9J1M2C02lfhbCxE9K61UgTsTfYbBfWNYZVOQ/iFMjipXQNO0JbsK59KRqSe/FA62psjrH34MbO3k48V7cEzze+jt9u+ZNZoEoK78zS2QjS4t6388/49dSb8PTeNzDWOxJjnKX0dzKiYhRPN70JG/Gl+nAT7MQBrSyLIhVGqbOQdz9uTvfy3pysaW1zsokIbwzT3aNR7izCE7VP46HZv8IDO17ijd1kNY6RjlHQFAGxRDvOLJ6D0e5yFHl8CNIN8MeaJ7C4/n78s/ou1Ie2w0Ziw2BZDRmzEdxgrgUfc6yLiOc7YNndBOOtNdBP/i+IrFBRTR1Qamyjq9ZC+HsLWtM8ukzEx1hfeMQg+jWiAAlokbRZnmCPQ5J9iLYtQto2jIxsYlDEnSdnDdSOe9wVXmPnUyHW372sf8cZPjeY5KmYboEeLoGuFBOxS8ESs8LSw/KPVATemAAjTjLeofLqaLYzniHCbEis/EvlORksmUQmjmJ95z7EPPRhFi6CFEzyCmAj20jsyKfE84jSrHyKwDWJ1Nvs4gswIXASxgSmYUTONMwqPJkk/lbsCe3mE0dXdm7E5NwRuIxIdzVxpGV7lyPg8OM84kRLmpbigpKz8GLjKwhYCjCfyP+arhqevVlKF7fEV4I3mlbhWyOuhkpEuzpcR1ayFacUT8OLDW8irRr41sSv4K+7X8N3x16NFS1rce/uh3Fu3qn4+qgr0UTX65W9b+Fv9a/S+1iDUNKA21LBFVqCrktP2klW3Y1YKgirocDKxpfw7e4PG6sd7WSkXw4Qv3rqEVhffAPyogehW310+bUD9hvJWklhZDqIX8mk2u3kLZIWiJ30Suk0PG9VINM1kiep83R4loJks9O1diC6L0x86xBXeDvhZc+hiZiHCcQNNJHCUWSDn43oZRwgYzMT+sSEmf/NthBCVsj0rWald0S+nFW4HHYDlf0ql57jn9+CtvN+JN4PkdWyES9IZId8D2azlc3yYeM9PLxpvo44L6Vi6pCR4EJSey80PInVba+gwDkCa4NbcVZgNv53/M3YGalHrxHHLzfei9OKT0Su1YMyZwXxHBnLezbjpvLzsKm7Dk6nC+McJVjVuY2rvB9P+zr8Vj9Wtq5HoeKH1W7Fsva1ONk7C6va1sNlE9FG4FjVuQk3jD4fw+USlHgq8b3Nv0JTrBEj3MPREGvClWNuxmmFM9CaMLkRr/CRgYiaRDjSCQspO5amM9ikZK4ISdlanFZY5xUSOGcAN7xGHNesMT+ovonN2uZ54glees/aHEkRhd/YKms+EWDy7+AEQ5bl0rKqeyBX6D0WV8iOJw6JE/WY+es8WMoYuJDczxwFjX7mSkLPJzPqUXmlypF35U1JLU25DmIz/c9XHyeFqfBh5YMfcyvynlMJI0zuIJ5tbWe6Usa/iBLwJD8+tJXcb7GSy2feNEfa0JHsQK6zAL+Y/j0UuYpR4R2OaYER8Nj9KLG4yKpsgt/lxShXKR7Y9TSdf4PVasN/b7gbb7W+h5MKJiPP6+dB10Q6iFK3H1dXXUDgLEZTtA03jr8Ss/0nwUXPp4kad9l+ax7xuwRP1xFFlkYDdJAq7Y2F+Yzpzkg3UsTTHEoOZMHKJ2cM+lpopKrzbNDfWgJxLVGB+beZybuHlI4J5s2HZNabiLyQI2NLIl0ic4MAVT0EGqmgNmh+dURg0R/s6L//wwKl6ajO98YOXxidGdx2BNvLCZGLHD4JStVc4NGf8zaFhtthxrQGNaTbMFt9Z/pScTNmpQnb46fbn5XTj3BXwSHl8M3mPEcelnSuwiNNizHMUwYPZEzPm4Srxy5CQ7wbX1l1KzZ1roeSYaOwHFjStoKX6bMOLt16hG8dZaJx5Cr52Ny7B4v3vIWTC6eg0FGKl1tW4I6Nv0OlswyPLfglzi2YheZ4E9a1bcbfdi+GTVLofbDW3F0osJWg3FGOuBYxLRVrT8CEiGG29s2QezfMNj2Dugamx7Dw/259+A5Y8ysglM4BopnDVdQMnCDIClt4QPDQv0l2pwbNr45msdjx7/4/SHSmMFSHoKnQWALjGffCvb4L9mf/Alp9XvKUESTi+uIRz0z2NL+X9n/P/tZg/dbVCAJkjU7Im4t4OsLzttIE2nMrT0MLWZUHqh/H7t46zH39GiLdubh0+EX4+ru34rnGpTjVP5mIrI7nmv6NH07+BsbbK7h1umz0QpxVchJe2vsmZhVNRijegbs2PIB7tz2Cefmz8ULr21hc/TxxpiTxsCaMDYzGhtAOhBmIZJnEQxAT/afBrjjIZiR5Ppr5WSVedtX3WQbz2c29SkbeNWilpCqXrYDl1TUwzr+bpxkLqaFbq8TAwPrH4YtdjmBdiGddRA8v9O88UzTLz3tIYShmIUskBOxE2O+ZSxdqI7o29NLtoZHPT0AVBRz/lEKzOasiE1fRZbIaP0SP3sOzEG4s/iJcsoL/2non7hh/E2+Xff/OJ/DHab9AjNyEl5TT3/c+i9NKZmNF6/v4ZtV12NfdhO3JGnx5xBfwzK5X0GJ0YxK5yVBShNNmRa5o55kfX1z5Tbww52EsblmKjb1bsOS0J/HE9mfxQvubvJxsjHcqLh55HQGM9WxIcj54PMUSZjOY7IQPVtJV4EXgjCooO1OQflRLFImV1WtDAqpUUEXnpkOSi8NZfnXsFov+6MWBNqTTEW3oBjKraVKW9EYueBDCrihsD94DPWCDxhpg8jLx453aYHJBloxXF9uJbq0XLimAgJyPW3fch7gk4K/Tf4HbdvwaefR/fjzuZjxPytBnk/Gj7XehJdmNkwMnYox7JJ7c8wIcRIpd9G9L205siGzBTaMuIZ4Wxi8338cVp9OdiwdrnsLi2X/CjvAOrGnfREC9A/fveIKs2L+QR1xLJzDmOkmJQSFlGc025jj26RssICzwRlcaT8lRi7yw/vMfUJbthHzpo0TAme9KD5m1ircPGGZ46YhMZxDP+8/+P4i2JTFkyGKdknuJsI8bD/vMr8D9sx9Aqm9HqiyPT3TIHGc0vm+OEcu1j2ohREipOYlrfXH0TZiUNx63brydeL4Lvxt3OxpDESwomYZOawjfWn4nqb0CvDz/T7iZlJxgyRAn8mFLsIZUZi7+3fouFhbNw23v/x5z8k7Gfaf8AHesuwc3r/05vjntGozKG4FH617A3ZN/gOqeWjyw/Y+YVngKRnunIK1JqOl+mychWki+c3sjCMceZWeNzaXs9pg3F0ZMheNn10OsPBHa+Hm8fz6koZlIy27OeMeAbvDvHxVYTx3ibztSpkIYKqtFpJGpW+3SP0BOC3Ddcg1PZ1bZsO/jKL/fr5RY2VEySos6lSzGcPSqbaQKy/DVEd9AiasMd2+9F1P8VcjxuvG1d2/BrH25+FfyFrRZIvif7b/CjRWXoiURJavnwI6uarzcuZRnPLTEezE2dxzipOTu6XoJ38HZ+GX0Qvx8xz34W+3zeOyU+9CjxfDjzT/H/LKF5D6/gVLPeKS0BMb5ZvHwAi9NON7Plt0bVTN2pAIK8n7+XVh3kcS87HGzHF5Vh45b9a31wQebC/36RwIWucNXsk90QEyDUNyehNlgdAjQxbhUOAktzwdc8yyszy6B+8knkRnm5g3JzJLv4zhZR2WrE7U9W4jIdyKoteDf+15Amasc351yL4q8Ady49sf4v5r7cWPvXEwxxuA9Ty3ubj8bz7ctwx/a/4k5vqk4tfJkuN0BLGtejUtHL8KphTOQ53Tiwt3fx6g2G6bq46BIdjzQfA3e2/UO7tz+f3h232IsHHU9rq76BeKqjo0d7/BKOascgC2jcH5lNig/9s/Ft3rSpNArffCtWAPl7j/AevbPkBk7Bgimj0kJHu2INg/oBp896pIO8vkPeaJoUwJ8UJ8wRB+CmfluDcYJF8MyaSHc114JaV8r1OEBGKxC4Thehodp2FYHubNoOoRQrAspI8WHBBgG64Isw2m147rK72BDQS/+23UPbve8hH02HcuC34evMYnHO19EONwJe9KKOf7p8NDjS+1v4e97XsafIv+Fm0Nn49H8d3Bz3l9J5azEOYULufTv0npwStEZKLYo2Nm1BXW974NoNTZ0vGnmyrMy/+My+axnqAo9Lx+2WBry18+ClF8J9Vxy7WHDLHgZoiMVUfke8QDHH4/2t4OdYv9/dH7jIM4d15DqSMKaZx8yYDETrmsyLFe8AOVHuci58ky0rtgKS44bYjBMnMiSvccH+5wCepJdGO0+AV8c+RPsjWzHZM8CxOMxUrc2WCUPdLUOw/PmIF5wMi5vK0UwWovv6Y/gXNss/KD3Yvy7YQ3er30DF05ciPaKaXjvvVfQFdqLuxxXYo+9GXfmvohqtQkTtHIkZkzBzJyLUL07SEpzD+KxELolHTmuIuS7hsOlhTG78AIzCMxiVXyHwDiGSyTw9JqM3UHcSoLzyovh2xmEeOtmJFnv/K4EDtex47is1b744UJQO4cEWOQO9z5/TsPL6DcRLER3dD6bQoQhslqsh0APif8iO6z/vRSe381B+ltXo+cPj4MNEBQyMZ6xOWj3a5jzB5NqgmT+DEzwz0CP2gM+u0HtJc4TgqTICEXbMTxnDNyBc+D2bsPs2Fjc2HYvpknliDlFuKIWTM4fjd9Fn4GDwJJXlItYuBs/tv4TJakArvTOx5TSK5Cj5BOPSyOa6YAdAXhdIxElINjIOl1S+UNYZIHA7OAbz7yIdJCg6utcbGbzyUgXeeD93a/hefIlSF/5K1LjyiC0poYUVCzpINE1IGn/06CW8hhe67eHpNKEVSSDGob0YPVrHWmok2ZDv/Q38N7/V3jvuQ/xMg+/DwRdN9sbDvouFzm4QsludCY6kCbmrFisWFL3EFpj9fRcVrQmGlmxEJY2PIyfbP0/CA4/Hh9zFy7SJ6BB6ECp6Mf3t9yNx/a+giJnAF3oQZHmxp9L/gc/GnM9RnkrsKJpCTrpUvQk2pAg8CZEcqf1DxDBzvCGbDLv22VFMBHjqT7HonzMmJVOf0/cdnguvM89h/zv3gLlxBuRnv9VTiGE42rQNrCVZ2d4b2yg39aw8OaQAous1gp6ePuQKFltBEN9sFY7OklmccH3gFnXwf+dm+F/6gkkK/KQYcSXJbMZwuBPJjz5VDGRF0ywPdlC5wQi9N1IEwhKWSZoOI6W2B4EFC9u23kv7Dt6sdndjl1SK/LEXMwZPgd3jvs6KuylZPVieCenFmN6K/BGxyrcW/sM3u16FYl0O2zkXlN6EgmjkxRpO6vuZNMCEdNTiLP9TLZ1nh28MNj3nyHJz3qmxUcWwPr+28i79FJYRp4K7ZoHQEYcQkodGq7Le5rRjRBNI96RHOh/3D3Yp5KP8aVZxsP8gxMASd/0pGDLtWdnEA/NXSMmiThKMpTrHqa7PgL/V64CHC50LfoCHLU9XG6ztBnRGPQ9b7IUck1xNYJZhWeTW2UV0EkUuUfgjX3P0eIH4bUXYwQBoXi3jIcLtuK9gi50hrtQXx9CmxJGXmg0VlXugxqTsHBrM1pGNqDIU4KeaDNWtS/F+SO/iuHumWgIb8EZld+ELHsIwO2QDOXDFOJBthMwzK0R3r9OG10Ax4b1KFuwAJnySVC/9Qbn6UI0YVr5oYlacWwFawe0VnvpfOxjARZZrTeIa71FX5524M+DNREUuiXeY3RIwg99IYgY8S3DDvGGp6FEe5H7hYuRWfwcOujRW9cB1tQzzSZlDfo1zaZPmUwSGU3HzNLLiAuz0bqAS0zwHu0Om5/AYMUDpctxXfdcGO0OOA0LGrVWtBsReoZROC04GV/vORGvle1CyEJ0INIImQBaYJFZOyoi6Jfi1NJriBMqpP476SUt2UBBf6Af+eZi0XW2wa4TqGxr12PYnBnIlE2EfPMq6LIC9MbNLkC8QtUYClwhFWaGYsCo/R3H5nWOEQgErNkD7Wp7y21wD/cOHbD2B0/pHvfYeQwo/cilMDY8h67HH0HHVdfC3RBESmWzbywQjGP2t9zFeC0B1Ia2olRpQYHgxe/rnuZNb1WbgbmZEfhC12xUu5rxom8rz584o3c0xnQV4k3XJrzu24F59gmYlTsD5a4yWuc2hIQqFNkrkch0Z7vpGDzkMWjoZyugDdbZT3AgRdc0960lyDv9HAhlYyD+YCMyFvIOXXEINglqlJW8A7Y8C98e+6hCqn1tN1njQ0IWW9FvMOoBxmZogJUFF9vV/uLBFsZA8Ul5EHlsa6jIVrarHMsX8jmgsLq3R66GvPqv6Lj9NjT+7C4oxMWUzi662JLZSvoYnp7lsWfIGv1t27cRMtrwtRE3YpyrGPuSjdgR2osNqV1oV7tgTylwiG64SMkpJPVzPAEUO/Mx0SiA3ZrDO8Ssa92B5R3vYnr+CVg07DZ0Z4J8AtlgAd+XvcZ6neq6Bt3nQSbPgcAjf0be9ddBHjML+Nbb0GQ7V86sJV8qJqKkNAiLJYzaDT7Yy3J4xsjxB0NjCO6JDuSqz6fz1U8CWOzZ9vW3APaABYEq39DIXpHFypjsJeqbI8ICFbrbwVscii/fCf3129F7+SK0PvQPqE4FttpmbrkG3w2JtRAnsApx1HcvxpKG99CUaMZJhSdiQcE85NgUWGUbL5XPsLlA2ZVn/RzitHjxZAy7Eg3YEtrDu9cI5AaFVIIV5+OKsfeQCAggmgkPvj0TH0nC+BS5v5JCEObhv+Um5N/zIIQTvgT9ur+zPWcIvVlOxSImCRkeuRUTr1fRvs6F3St9sHiNY1LN+68G3bwt77ebrdQPfs+v0XneEejR0AErC65f08P3DwQW67npr/LCzoj8MdgO1o9US4v8lB0C0QaVTLwOV4EAX1kaHesNqBYHb1ttOB1AgKzN0sch/+0aBKsK0P6nF9BzykmwN4cgRqLQFZk39Tg6l7Hy6Vi5mUY4rA6s7dmA5a2rsDPRxrvyjbIXIt9ZRJzLnB2YyKTJ3fUgGO9G2Ihxge+SnMhRPKQsizHNNxYuQ0K3VAW/tYT4Yfyo18HEqwEpnUHaaUOyzA/vrt0ove5i2FZshfyF30A773s8CfIgos7ookVArDODQF4YjgIr9q2R4Rhmo/+i8ZDXsRzd27qIW6kDAauczoZPElis/oM1Xxh5ILAki4H8mQU8d3wwfEuQRCS6dNg8Kvy+MIKNdLEEIqsuA5Un9RDQyFJFFOxY6oKj0MLJNs8FI+to2bkW8qMXI97TiK47foGWW37EU7ktta300hrP9TqSK2IjQFhS3VO7foIJOX6cS0qRdXluJmB1Es+qideilwh9LJ0mFa5z12mzO+GTXciVfSh0FSAgehCw5ULUZDSmd6Eh0YvROV/k1TUGTwE+SuRTNzNetfJS3tC64KGHEPj+1+GMWiHc9AwSsy4Aq/cVEvFDMhZY5oGokAXttcDlSWDY9BD2LLVB8JHlsqR4ivZgjnh7FMHdIT5kqh+wmPG45SiCbmiBlQXX6ejLMs0Ci409sfktZLnyB2X+2SSOoskRFE8ndbnFQM5oHfXLdDRs9GHqlSn4xkqofiqO9hofFAKbxU1u0W12PTHyiNSTZZOW3AL19d8iPqMKzb9+BNH5J/NuqvamZt562ti/KWv0C8zryLGWEnlfjr/v+Slc1jJM807AOG8ZqdwALTgbAyBw/sjqQvgkW1YWxcDAslERQ0u0FY3RHuyI1WJ7eCMWVfwAc/MXoSvdRH8m9XtNc2IpWzueT6VloBbkIxWwwr++Gnm3Xw//a+9CnHgeMhc9RMS9GGJn2tzsHyBOxSy9qrEhA0RDxDim3KAj0aBi3UN0A1S4uOU/Grj0lIaODS0kFqT+wGLB0Mno11v0EwFWFlyP0MO1BwJLIP3uqfDCWew9KrDURAZFo5JQ6O869gpE/q2YcFUaW5/QyMy7MfGqCElgC4J76eKTbYxtD6JhpwdWv8zDDSxHXiBaJ2x5D9Y/X450bxNarrsM4W/cgfjksRBDGchtLWYkWJQOjk/T67N0ZbtSgGVN9xDA1sBlt6E3YfCqH7/shsfqgkch98ImlLJmaKk0IukYwnoIYbJkFkmB225BPL0Po50LcHrZLYimu2htVI4g44BXFLNWhlUvpQhQakCBq64ZgQd+icLfPsiHjKdveAL6jC8DySyfOkymApt6mwiRK7ZFoKlWROI2ug0imHWriNCuFDb8xQbHCJbVn8zO9xn46NrSzGmHkTkEWAsGCogPFlgD1hUey7HzqRB78cvpZswxp6SaZzoch+K1QrJajryDQyqyt0lCzrA08qalEKpOkTJxouIMCfXLgd5dRFD9KrylBFgpTb8zkEzaISmmZBTStIBsV7+iEpk53yHdLSP/qfvheeKPELoboVYOR2T8KOguD/Ev4h4sXVcw6xLZkCeVdxC2oMQ3CZFUM3qj+/hgKtYZUCF3niarFtESCBGYouk4kqwukt6zgziY12rWSSa0MMpcMzGv5AZuyZI641aWvgl/fKHIK/KRxslh+UiWeGFr6saw++5C8Q2LUPTWOojzv430da9CG3MCxA5Sk/HU4dNf6MesKtlbGMKwE4Lwj6AbrllCZ4cLLS/1YNTVNvjykmheqcEScPCdjIG4Xri+E6lgttJqP6D4yZIOHh7M+o+7wvvxWKw1v0mg6e3OM+mZlh5osdgpKgZyJ5YS3zo8uAydLrrVIKsVhp3UX9eKIJzjAig5RcDa35EL8nqhdqX48xkaWRgfKUCn2cn5oGvFsk2ZaiTmJ7W1Q1j5G2SW/Baqhy7ghRej64rrEZk1F3DbYJBYs/R2k4rTeb93pvoUOZduAisauzeiMfQuulL7EBZ6eRKikC2YyWT1gESgYWEVO6nGXMsIlHlmoMJ3KhnQFNLpHrOyR0gT7yIrQJ9dy6HP4JfAJhc7N69DzrOPoPCph2HtIqM7+2rg7DuQKioze1iFWGNb8Yi7Ljw00A6MP6MbItEC12g39JiOPc/0Im9WLt3QUeRO9qD91SCq33HDXmg7ZFck0RlEeG/3hy7wQ4u1gQA2/RiC5h8XsMzUiqZ3Om8lYP3vgcBiY04sThk548o/HDjQ36QT+Yzs0TFsVhBFVQki4uR+qqyoX5xANOpBRhK42Vd5OY8Ai6KaBH7gOSzmLDKPlc8G1Hs7YFlxP8QVv4aWIGt4UhmiC7+K8GmXIj56PDSvZDIIUltyJAKZjJGfSHlaypC760E40Y2o0Yl0ppcWgLgOcSb2shbJBavig08pIY5WQnxJRjTVhqSYJPHiQMbuhsVuh+qm9SRv5t61He53/wXXv56E/+0tsKWJn512LdQFP4HmK4VKLk0hUGphlYAiQ3H0S6tiJW7MTSbIwoZUKD6JW2whlkDpTBVde4i4n6HQdXah9h89aNhhQ2EhXStbEu2NXlgcCg6UielIDMFdzSaYDgZWkIB1Fl3nNZ8aYLGjeXn7iwSsCw8EFnu05pDbGF42sElPSHDL3Zj0bQeMBBHJdRpq/82aytogkkqSLeaATZsUpkVNI9rrhZXuQA6uI6XLsEJMp9Xs2EzAUTa8CH3rkxBq/8XbJkamjkd4/tnombUQYslIItHDkKYF00Te8wQOenpbxpwYy2mSfkAUU0R2Shbhku0IEOYZkDnWyXI42luBxno4Ni5DzjvPwbZhG3ysYWDlVBgzroY26SoYBV7ijgTSZAIVCww4c4jI0xPs/qeIlCrA5suCi9eU0s96NXgCcfgmkVVfTyDTbFxNpLrpvRBQJl4ehaXAgXgNiZ9VHqiyBFHUYMuRydL3uUIBejKJnpo6+pk0ELC+RMD6x7G0Rv+kgFVEwHqTwFR1ILDYoz3XA9ewYYcCKyLCU9yDivkOdK9WsW+dBZZiB7kTUmylKSQ6NKRpsSrGktnPsaG7yY2Oeg+5Q70PQ0fdezastAgOmEHOnnYY25+BsukliDUfICVGkSGghseMR2rMaMRGTCHNPxZagR8JXy50O1kg+ntdsWRTcAzIpKTkNJkiWiQl3EMujZ6zeTccDdthJevk2LkVcmsCjhhZlbHzkKg6E5kxF0AoruLz1QxGa2KMG8Yw/uIMkmkDba8nkTuDeNM4J7b/Q+bNUWSbwbdsGIhyAr0oH9GEZBt5hBH52PGCG64RNhKMpJB7Uxg9PwIpT4bTk8G2R0gdegsh8ykXBwZBNfTu2U1K0OA99/sB6y56/NEAcaz/ELB+fXCWYcvK1rkEplfo9BwILHY68vxwFJYc7Aol1gyFXF0PMxESbH6B9xOIt2qYeQ2R5m4HGparKJ8UglLhQZwUYt1rEpQccidRciEuJgCMIwcEDTMIycIOrL8BHxVPZNrS1kN3A8n71moI+1ZAqd0MTe9EkjXKYNEAcmWCg6wegUsl/sVadLNwgZhSISUS0BMRWMjq2BhQbMS70gECz3DeTBbF06CVnAC9ZBiPovNKd9ZjTFO5dkgEJZTN0+By9mLPawaGny+i7s86Jt3uRvtmBY0fyPzmchSJRPPI0oQSqFoQRHS3iqIv52P7X9LoasqBy68jFc/AKiRRSry0Y3UXguE8cpcH8ypWWR2ureGt1U1AHQSsxfT1JQPEsT49wGJH66qmywlQT/cHFjPN9vw82PMOtVxm0ruxPz4T78igcm4S3jIZK74fxin3yLD7LVj9Mw3W4X5eDp5TSaqxTuctf1hgFsYAFozxE4VEd4RARYTf5jX4zGjWMcdwkZ9UssBjcapu4jjJFgIMWaDWvfQ+SDTE2iC2NRART0Ni2zuKDenCcj5qRRBd5I1IFXmHkWsbR09AnDBAALRmm6CxNKmoysF08Pg8skQJC9yFUYxYkMDeVzIoWWBDIuUmqxpF7av0J6yjc2ES+eNisNsN7HpVgeCRMeZKCZHtKRTPFPD+/5C1HV4Eq5WsOt2cqU5SgV4FVvqMRurDOZBs+EFkXzW0uEoWTu4PrA8IUOfT151DCSwZH8NRdPKwf7St5luJT/f/XbK7lcd4HLmV/VyWcVBEWbJLiCVI0XQ3Y/SFBlzFdqz/RRLisCJSQClUziOrIXQT78hB/UoJ8ZDALQG3eEZmP8DY6JF0N7mZ4jjxtTQ6G3ywkLLM0EXUQgYUKWXGmkjJqW4yLTnl5PDKgVEnZDM39w94338P9F13lqmiZ5UiC/Tzp0myUIGa3a/LpiocovKIWJMrD9Zb0LZGwrALFbSuSKDg5ChC2+lzx2yw0o1ic6QgJ0OQi3Mx6X+cWHd3EqlmETXPCnTDGZhwo451T/ZCLvJBlsg9F/EJhZwj7gcV3RDR5h3k/tSBlruOzuvRr5X2UBwfC7DYUXhi+T/a19axTcO/9P9dOtjGulkS7xp9+PiWaCDSomLEWV7kzdOx5RERcQTgdtLdGSRj0BWFUu7goQyWQ1RxJpFVsmLMhcheKTutnfhJQoCvWEf++AibBImMLJJqssIpdRFviSGaCZB1sfJYj5jQD8gJNA7IYxH73QOZ/Zgxe2gYh6reo2V0EirteRa07NTpNPjSlp9JlnVYBhb6HIpPRscO1teI+N1eFSVnZTD1Jgd6W4MQHXZsfyqNad+woWCYgW42Z9vej3CyvDM1TpRiG3RWbn/oUrOGLzfSueXjWH8RH+NRMHM4yzi8YaDfqZF2JLq2HX6j2EpAIV6Rqk2j4VUJPTstcJWQqdbYnEERHds05J7gxc6/68ibmoFNaYQ91YryE4kMd+kcC6wxiEb8RFXJjcRkUpNO4mQxuF2dqPpiFMUzWJ9UnVcjH+SWhQO+4F9nDj7ZprnKxjCKyKTNQodjSddh703PyIiRopNdEqlm+lmBEzVPqyicSta8UkeaOKctz4729kI0bspB3ZMhOErTcJDbtwgaqVcnNv7RhrjugmI7lGDqyR7E29YRuAZMMaZXxjW0Pm98XGv/sQKLHfnTRz18OHBpcSLKnevorj/0w8uWDFkXKzY9ZUHDB1Y4Sixc1RgSuawOcoXn29G5MgSrK4pxiwhIusfsvpKM8uClplt4YNXjJyW0S8XuVV4k4zbYcqMYfWYvEi0ydr5bCLjsEDPaoAHBtu3SPQRkpwUeX5w4Uoj4XYa3aTxaUHP/TaUpUNROjKxqgJSOkZsSYSUX3lNrQbhGwqhzBXp/KlKkKm3uDPyjyKDVK+jd1ANnjpUDWrazsbwOnjsv9svP1oknJrvWcW41wMHG2lxJ67Lk41z3j7yl0/ze0RPLnIW56+MdnfWCkFlkBlA/PGHE6a5vhKh4iA85D3AV5vBN2cO2hfpYuYh0SEPBVA1lC3104YLwVsjY9VgKwy7OJeJqwda/kCspo+dqb8X4S9LE9zIom6qjp44I8CsSEkSaO7ZZ0LWLiHLAwWcQmhV7RxcxzO2lwiIqZ+vwVEbhzk8jf5oVre9LSGkWyHJmP5JYoFaUDDZcFilSr3K2So5ZUSOSwsg5YbJMFtisSXSRNbZ4WJTeilhDGhXz6QZKEsEntZeKCnxWpOyxI9mYQG99EioRezaShQFKOORmrUE6vNNsQMeI+H5Czs8W+vpLeZPH729PFW0KDbSlM+j1P9yWzsdusfqO3InjWYfALw28YGm6GKugx6sPvs35fLQPeQ+bmihn4iib0ouuVe3Y95oN6/7kQsrihdUZwe7FGcjD86G1BDFhURyKM41Nv1fRXG1F1VfSKJnJ4joBWAP5sFe6ke5MItkcQaolgURI4lHOAwF2oItkS5ju0lB1qYa8WVF0bMqgbYsdwR47/OS+9JDKQycsJJGitdLDaRDvhsNjILdU5ZNqP3xqETHNgySpwPx5DuJTaWgxslpuDaF6GZ17FBTNllAxJQ5/CRH2iAiLVUUolIPeNi8sin6I8mXVQFpsFQfWYQ7GOy7MnTR+2Sex3p8YsNjhHz+1L6U5M3AKBxHN5Eq6UANnaogCSX6vCzuedWD7s2R5WnxwkAs54bu0GB8I6KqzwOpIE3Ds6Kj2YevTROydhah7lbiU1Yph8+1QibexOc2J+k6UT27D+MuSqLqC5PuYbiSaEtB46XuGKzk1mOFDHzlfY61mXSTp2+NoWUav43Yh47CiY3UCRZU9cFnDSMGGTFccpZVNqDw9TEIjjYxFw5jL2YhgNtzIbNMokpWse0tB/RKywDE7imfLSPWmyQrRrUM8sPnfcVJ/vVByNFK+aZ6dwLwae322nZPpN4jSyLRASywlPtV6uEvP+m8s9I+fsu6TWutPFFgcXGNnPEMP8zBAy29ulbQmUjGv0tWqz3ZKNPrtBRJHcZLFGeaDQi7SV0RgaOhEw3KFfubkqTSCIqClkTiXswgpAsswIukKkaO6ZxJQ8qxItqUwfG4UBbM86Kjzo6s5B4UzFIya3wsjGOPg0mMxVM2OwB8wkEqa5JxxPD1BVqhMgr0wici6GOwOAZFeN9gGX6ojjWGTVZSeY4No1+GfJaP9fRausMA9ghRqUobRk8K4+T2YfBWbAymi9hUVgVINFplASIReIdUb63ahdQ+d2yR01drN2FvftTioGoeEh76GqMTb9LvE4S4547gX5Yyd0fxJrvMnDix2eEee+G4232fg5l0GG/P7Dt3B79AdHu8fSYXEdo5JklscbBanjI1/kUklESG2ZdtO08W32CQoQhAjpjdh+NkignvdiETsrD8l7K4MiqbloP5tmRRjEmIkRgssoXiBFbn5UXI95lg5/4nEfZwCLxZNkdIsmZ1EzmiWOJiG3ZfBdKKn+dMM1C4l/iOR4lRVWCoc0PIUpDZJUIkT5VcRMFsycBEXzCSJcJGV27fBSpYvjWlXMdCnYK2U4R0hIR0x+L6eJd9CXMqNrr3EG/PtZqrPIYKgEYKxmD7r9iNd6ps9w+fc4B11YuaTXmMZ/6HDU3lKK9mBi6LNb/wUh61Z20W8hbUQn0lqbPJA5g0GyaOM3226DL1PvYlI0sKNPStJ3IR4E0n0ji0piC4nGxEGya8g2hGGpSsKz4kO2BUZ9nKyXqQee1okItJshIqNN0qLpQXIrFTMIiAZleBORxFcbYVMAsHh0hAhQRuoEtC2PgVLrozGdzOwu0l9jiTREmCTTdLoIevjHsO6jZIbdNkQiRJXWpKCYmdEXYaFXjdJN4ikZIOqWoYsF8x9J+1gMi0IYQjSGrr5asgFWnje1wAHm3b6dXfZ/DeGronZZ8BiHaQYS864kx7OpLN24P9BgJDfJgv0FD3WHxLBZoFQCemDN1vJZcguGaFaUkRODzpXdyG0W4UtR6TFYzn2xLFInXknGSiabEXzu1FowR5SiGRJ2JAZknIWj0xSXkXv3jhXcja/gc6tDjSuIDNpJ8I+NoXqv8b49AobAYxtBrNN43g3sHeJFfkLJNQ9H8fWf/kQ7WKJigas9PpaLMNTfxzFBHiPF3veULDlUeJzKQv/+wH2uvqCFJCt75GV/gvdbNuOdElZp70pzqLT3vhPrut/HFjssBUsZPKXmaQnDhsLklroLn4aivvvBI76o8QFaBF9QGerDw3LJDRuy4HgZRJdRTphwG1TUTRegXO8F+tJNbZscyCvjKxGg87Hr7EeDxIb/OQwUDYzDguJCV0TIftktJAoyJtE1iVmoGmDBEFWIThNALAYl90nIhonnhRxofS8PMz6dgoVp2hQWTcYskSm0hR48zqRbhorWTmx2AtJOvxGumxfB5vvQQLecnMDcuCD/eJaW+4FVzjyzw7/p9dUxqfksPnPi5HvuUpVn2e860EWWx0w8Kbsprt2B3nB4SStTyYCPHZgbBGJt3qIjalOiESwxWxJlMjb6qWw79F2NO0rQcoegH9kN6x5KoI7BHp+K5+DrXhJ3lfH4S0kQE2PYfdKL1yFApF1FbpE1q/ciYqFxLWKCR4JIavUBJ4HZjGSSBG/suVIvDtO4zoF4RoWWiK3p2QOAJAZUhGNgThUGhbXGljsq+mbID2/hfjXYTNxWWfrGxXfxe2flvX81ACr77C4Ln9eTz7JenH9gfGEw75xWw0U1zbyWmVQo7OQjk7lY1gOdCMGSXxWKYYDNpEtVh3xuBM9PeVwFNlhYUUP5Iaqn5IRN0Re8Mm4Wk8dSXuvg0BskDIzyFIK5iQNcldGMMPbhVdcYkH3bg1dK1QoOS4eQWVBUZZ3X/esgURaJMKuQLBKvLJIPghUh4lYKx30Wh+QaFhHnyDCAZXRDwuoLgYo0f6V5yTD+FSt48eSNnMkzytk61aE7D+z/0rG3PNlm6VWxQQF2xE0/lxFruZBUVbn0gl2CtnH/d9L7JGsEZunE52BVGgG1HilGTQ83EYwK8IQRd4fwczTIpYWY9aEyLVspj2z4lmDrBAr/tQY4ByCGX1jwWw28YH+lpWWaSxP3S7B6hazVou9rsRHscgsMi5+OD2if0yz7+2x9BzFs4Us7Bpy91sISGLWQsn7gdVnsTIfnvdl9G/cbA75Nauo9z9h3+QKnlVh4ODhMwd/x7JQ+uW8f3rTZobqMHDtDujiqZB/z7rb3EPnxMPe6ZZuWPJehbPwRejJCiRD0wlkU6DGhg/IwRio+iLqbPtIsadMQGf7eLP9P4NfHQsU4QBLw7IZHBKfKMGKki2u7JRFzTjAvWV4e9a+baCBPhmbRWTN2U7caT2BcjNhkbk7md6X5WjUl8UB/5tA1f5pXrtPNbD273+lbn5LSBmTrN5fLYTZo2vykd3pbnJjO8n6PEYcrALp4FSkwmORDE5AhpXtDGzG+q999ieZQ5IHBQ7HbGLhsbh5ZyOsXgamjWShttP7C5mWSDct01EONszhe2rs+7XGZ2DNPhPA6juSwR++Tgv9urPwpyxy/3M65xztbxTXHti81WQRWKtkhdxkBVmyKqQjIwhso8h9ltKiOobc1sr2TnrtvQTwPdn3sJN+1kxuzcze5Jmc+qAuP+uzf2ui6ydN5uSuz8ZafaaA1XfE2n/+Dl3kU7zl32GS8HaY+49HveSiHCelthX23I3ZVGniSZoLWqKILFshqcwC+rqAhEAJAbAEWjIXespL3MbOOxzvt1iiSiQ7AskaJLC0k4VshuJogexope87iI/Ro63V5I99eeUcSNJgP2Jt1kL9MNJyd3q/D/4MHZ9JYPUd4X2/rSax/iUS+18KVF13CcyW4fOO5TkkJURg6IFN3ErWQOddidVYCZH5UuiJPHLDOQQ+J1kYhaeWCCIRfCkJ0RKhv+smMLUR4W7gFqqPBPPSet0srzqWjwOzZdA9PbseWDt0TcY+o8BqeqerT1+ifyX0QMUUzCUJMlsc82v2aKo99rXKe70zlden+NgpHagCD6MK6Xgue/qykfyvZR+PTSZLaeJBtUSs9/CUY5NsGR+Srr5E+GzuEif7fPDmccWaG+kk64tH6Vze90P/6JsGowoP/l4/8P/L5u/444dud78LPqCYwmx18rnFGswRzCqnZ7LucU7WVc45Gun/hI73YLbaZGnbNfh/9JDx//bB7Mu72ZMdTBKyXponZEE2g86qj/H1P6BzNZ2bsl/XfObI0ufAGjSPWYmDm/MG6Kyg84qsVZt5nM9dl31etgm8F2aGQRr/Pz1kfH50Z8/12e/ZvhAremSR1UI6c+l0Z3+eLUMFy6oLwSyhYgl0e7KPnx+fA+vw4TKYQ4h2fn4pjv8QP78Enx8fx/GRN6E/Pz4/PrdYnx+fA+vz47N9/H8CDADPfb0HbV/QTAAAAABJRU5ErkJggg=="
311991,เทศบาลตำบลตลาดนิคมปราสาท,https://taladnikomprasat.go.th/images/logo.png
351998,เทศบาลตำบลทรายมูล,https://www.saimunmuni.go.th/photo/logo/20210621223707logo.png
321996,เทศบาลตำบลท่าตูม,https://tessabanthatum.go.th/public//UserFiles/comment_145504_1.png
231998,เทศบาลตำบลท่าพริกเนินทราย,blob:https://lookerstudio.google.com/33b9509f-7982-41ee-9224-187d44047992
711988,เทศบาลตำบลท่ามะกา,https://thamaka.go.th/public/layout/template/images/logotop.webp
711958,เทศบาลตำบลท่ามะขาม,https://thamakham.go.th/public/layout/template/images/logotop.webp
301944,เทศบาลตำบลท่าเยี่ยม,https://www.tayiumcity.go.th/head/logo.png
711971,เทศบาลตำบลท่าล้อ,https://thalor.go.th/public/layout/template/images/logotop.pngg
421989,เทศบาลตำบลท่าลี่,https://tessabanthali.go.th/public/layout/template/images/LOGO.png
471975,เทศบาลตำบลท่าศิลา,https://thasila.go.th/index/add_file/UufI30gThu35108.pngg
361975,เทศบาลตำบลทุ่งทอง,https://www.tungtong.go.th/UserFiles/Image/2019/logo.png
121991,เทศบาลตำบลไทรน้อย,https://sainoi.go.th/UserFiles/logotop%20-%20Copy%201.png
421980,เทศบาลตำบลนาดอกคำ,https://www.nadokkham.go.th/UserFiles/Image/messageImage_1593337831098.jpg
471973,เทศบาลตำบลนาใน,https://www.nanai.go.th/wp-content/uploads/2022/05/36850.jpg
391987,เทศบาลตำบลนาเหล่า,https://tessabannalao.go.th/public/configuration_upload/config/logoweb_thumbnail.jpg
491998,เทศบาลตำบลนิคมคำสร้อย,https://www.nikhomkhamsoi.go.th/wp-content/uploads/2019/06/logo.jpg
221991,เทศบาลตำบลเนินสูง,https://noensoong.go.th/public/layout/template/images/logobtm.png
401950,เทศบาลตำบลในเมือง,https://www.naimuangbanphai.go.th/frontpage/images/logo@2x.png
301930,เทศบาลตำบลบ่อปลาทอง,https://borplathong.go.th/UserFiles/Image/logo.png
241994,เทศบาลตำบลบางขนาก,https://bangkhanak.go.th/public/layout/template/images/logobtm.png
241998,เทศบาลตำบลบางคล้า,https://bangkhla.go.th/public/configuration_upload/config/logoweb_thumbnail.png
131978,เทศบาลตำบลบางพูน,https://bangpoon.go.th/UserFiles/logo_logo.png
121987,เทศบาลตำบลบางเลน,https://www.banglane.go.th/public/list_upload/backend/list_1873/pics_topic_1873.png?
241969,เทศบาลตำบลบางสมัคร,https://bangsamak.go.th/public/configuration_upload/config/logoweb_thumbnail.png
131995,เทศบาลตำบลบางหลวง,https://bangluangcity.go.th/UserFiles/Logo.png
121992,เทศบาลตำบลบางใหญ่,https://bangyaimunicipality.go.th/public/configuration_upload/config/logoweb.jpg
401964,เทศบาลตำบลบ้านค้อ,https://bankhor.go.th/public/configuration_upload/config/logoweb_thumbnail.jpg
241973,เทศบาลตำบลบ้านช่อง,https://tambonbansong.go.th/public/layout/template/images/logotop.png
561986,เทศบาลตำบลบ้านต๊ำ,https://www.bantamlocal.go.th/index/images/infologo.png
251996,เทศบาลตำบลบ้านนาปรือ,https://bannaprue.go.th/UserFiles/logo.png
501882,เทศบาลตำบลบ้านปง,https://baanpong.go.th/UserFiles/logo%20-%20Copy%201.png
701969,เทศบาลตำบลบ้านไร่,https://banraidumnoen.go.th/public/layout/template/images/logotop.png
311979,เทศบาลตำบลบ้านใหม่ไชยพจน์,https://banmai-munic.go.th/UserFiles/comment_95786_1.png
561991,เทศบาลตำบลปง,https://baanpong.go.th/public/layout/template/images/logo/LOGO.png
331993,เทศบาลตำบลปรางค์กู่,https://prangkucity.go.th/phpBB3/styles/prosilver/imageset/site_logo.gif
421993,เทศบาลตำบลปากชม,https://pakchom.go.th/UserFiles/logo_.png
211990,เทศบาลตำบลปากน้ำประแส,https://paknumprasae.go.th/public/layout/template/images/logotop.png
201971,เทศบาลตำบลโป่ง,https://pongcity.go.th/public/layout/template/images/logotop.png
461955,เทศบาลตำบลไผ่,https://phai-ksn.go.th/wp-content/uploads/2024/06/LOGO100px.png
601985,เทศบาลตำบลพยุหะ,https://upload.wikimedia.org/wikipedia/commons/4/43/%E0%B8%95%E0%B8%A3%E0%B8%B2%E0%B8%9B%E0%B8%A3%E0%B8%B0%E0%B8%88%E0%B8%B3%E0%B9%80%E0%B8%97%E0%B8%A8%E0%B8%9A%E0%B8%B2%E0%B8%A5%E0%B8%95%E0%B8%B3%E0%B8%9A%E0%B8%A5%E0%B8%9E%E0%B8%A2%E0%B8%B8%E0%B8%AB%E0%B8%B0.png
311982,เทศบาลตำบลพลับพลาชัย,https://phlapphlachai.go.th/UserFiles/logo_phlapphlachai.png
451991,เทศบาลตำบลโพนทอง,https://phonthong-roiet.go.th/public/configuration_upload/config/logoweb.jpg
351994,เทศบาลตำบลฟ้าหยาด,https://www.fayardmun.go.th/upload/images/logo.png
221972,เทศบาลตำบลมะขามมืองใหม่,https://www.makhammuangmai.go.th/UserFiles/Image/ttt_01.png
401976,เทศบาลตำบลมัญจาคีรี,https://www.mancha.go.th/public//UserFiles/150757logo.png
211984,เทศบาลตำบลมาบข่า,ไม่พบข้อมูล
491988,เทศบาลตำบลมุก,https://www.tambonmuk.go.th/wp-content/uploads/2024/10/cropped-logo.png
331970,เทศบาลตำบลเมืองจันทร์,https://muangchan.go.th/UserFiles/Image/logo.png
411943,เทศบาลตำบลเมืองเพีย,https://muangpia.go.th/wp-content/uploads/2017/12/cropped-1513919701592.jpg
141990,เทศบาลตำบลราชคราม,https://ratchakhram.go.th/public/favicon.png
821990,เทศบาลตำบลลำแก่น,https://lamkaen.go.th/UserFiles/LOGO.png
301946,เทศบาลตำบลลำนางแก้ว,https://lamnangkaeo.go.th/UserFiles/banner_266_1_hover.png
131988,เทศบาลตำบลลำลูกกา,https://lamlukka.go.th/public/layout/template/images/logotop.png
331963,เทศบาลตำบลวังหิน,https://wanghinlocal.go.th/UserFiles/logo%20-%20Copy%201.png
381993,เทศบาลตำบลศรีพนา,https://spn.go.th/wp-content/uploads/2023/09/%E0%B9%82%E0%B8%A5%E0%B9%82%E0%B8%81%E0%B9%89%E0%B9%80%E0%B8%97%E0%B8%A8%E0%B8%9A%E0%B8%B2%E0%B8%A5.png
731976,เทศบาลตำบลศรีษะทอง,https://srisathong.go.th/public/layout/template/images/logotop.png
251994,เทศบาลตำบลสระบัว,https://www.sabua.go.th/UserFiles/Image/logo.jpg
741991,เทศบาลตำบลสวนหลวง,https://suanluang.go.th/UserFiles/comment113329_1.png
471986,เทศบาลตำบลสว่างแดนดิน,https://upload.wikimedia.org/wikipedia/th/thumb/f/fb/%E0%B8%97%E0%B8%95.%E0%B8%AA%E0%B8%A7%E0%B9%88%E0%B8%B2%E0%B8%87%E0%B9%81%E0%B8%94%E0%B8%99%E0%B8%94%E0%B8%B4%E0%B8%99.jpg/120px-%E0%B8%97%E0%B8%95.%E0%B8%AA%E0%B8%A7%E0%B9%88%E0%B8%B2%E0%B8%87%E0%B9%81%E0%B8%94%E0%B8%99%E0%B8%94%E0%B8%B4%E0%B8%99.jpg
371981,เทศบาลตำบลสามหนอง,https://samhnong.go.th/UserFiles/LOGO.png
521970,เทศบาลตำบลเสริมซ้าย,https://soemsai.go.th/public/configuration_upload/config/logoweb_thumbnail.jpg
301981,เทศบาลตำบลหนองกราด,https://www.nongkradcity.go.th/UserFiles/Image/2022/logo.png
471964,เทศบาลตำบลหนองลาด,https://www.nongladwarich.go.th/wp-content/uploads/2022/05/10311906_1484012411815944_7965634620143014490_n.jpg
711967,เทศบาลตำบลห้วยกระเจา,https://huaikrachao.go.th/public/layout/template/images/logotop.png
241989,เทศบาลตำบลหอมศีล,https://homsin-mu.go.th/public/favicon.png
371993,เทศบาลตำบลหัวตะพาน,https://www.huataphancity.go.th/photo/logo/20180519152608logo.png
191970,เทศบาลตำบลหัวปลวก,https://www.huapluak.go.th/info/pic13.png
451964,เทศบาลตำบลหินกอง,https://hinkong101.go.th/UserFiles/comment_201972_1.png
261995,เทศบาลตำบลองครักษ์,https://ongkarak.go.th/public/configuration_upload/config/logoweb_thumbnail.png
461946,เทศบาลตำบลอุ่มเม่า,https://siythailand.org/wp-content/uploads/2020/11/3%E0%B8%AD%E0%B8%B8%E0%B9%88%E0%B8%A1%E0%B9%80%E0%B8%A1%E0%B9%88%E0%B8%B2.png
401999,เทศบาลนครขอนแก่น,https://www.kkmuni.go.th/2017/img/logo2.png?v=2017-01-13
121997,เทศบาลนครปากเกร็ด,https://upload.wikimedia.org/wikipedia/commons/d/d9/Seal_of_Pak_Kret.jpg
701998,เทศบาลเมืองบ้านโป่ง,https://banpong.go.th/UserFiles/logotop%20-%20Copy%201.png
111983,เทศบาลเมืองปากน้ำสมุทรปราการ,https://parknumsamutprakarn.go.th/public/configuration_upload/config/logoweb_thumbnail.png
201996,เทศบาลเมืองพัทยา,https://upload.wikimedia.org/wikipedia/commons/6/64/Pattaya_seal.png
341998,เทศบาลเมืองวารินชำราบ,https://upload.wikimedia.org/wikipedia/commons/d/dd/%E0%B9%82%E0%B8%A5%E0%B9%82%E0%B8%81%E0%B9%89%E0%B9%80%E0%B8%97%E0%B8%A8%E0%B8%9A%E0%B8%B2%E0%B8%A5%E0%B9%80%E0%B8%A1%E0%B8%B7%E0%B8%AD%E0%B8%87%E0%B8%A7%E0%B8%B2%E0%B8%A3%E0%B8%B4%E0%B8%99%E0%B8%8A%E0%B8%B3%E0%B8%A3%E0%B8%B2%E0%B8%9A.jpg
131992,เทศบาลเมืองสนั่นรักษ์,https://snr.go.th/wp-content/uploads/2023/11/%E0%B8%AA%E0%B8%99%E0%B8%B1%E0%B9%88%E0%B8%99%E0%B8%A3%E0%B8%B1%E0%B8%81%E0%B8%A9%E0%B9%8CLogo2.png
141995,เทศบาลเมืองอโยธยา,https://ayothaya.go.th/UserFiles/logox200.png
651978,เทศบาลเมืองอรัญญิก,https://upload.wikimedia.org/wikipedia/commons/d/de/Aranyik_Seal.png
